type,page,score,H,A,L,B,ingredient_en,ingredient_zh,remarks_en,remarks_zh
item,4,ytilibitapmoC,enimatsiH,senima rehtO,rotarebiL,rekcolB,Ingredients,成分,Remarks,备注
category,4,,,,,,imal Eggs,伊玛尔蛋,,
item,4,2,,,L,,egg white,蛋清,"Mast cell activating especially raw, but even cooked",尤其生食时会活化肥大细胞；即使煮熟也可能有影响。
item,4,0,,,,,egg yolk,蛋黄,,
item,4,2,,,L,,"eggs, chicken egg, whole egg",鸡蛋、全蛋,"Yolk is compatible. Egg white is mast cell activating especially raw, but even cooked.",蛋黄兼容；蛋清尤其生食时会活化肥大细胞，即使煮熟也可能有影响。
item,4,0,,,,,quail eggs,鹌鹑蛋,,
item,4,0,,,,,quail's egg,鹌鹑蛋,,
category,4,,,,,,Dairy,奶制品,,
item,4,2,H,A,?,,"blue cheeses, mold cheeses",蓝纹奶酪、霉菌奶酪,,
item,4,1,H,A,,,"Butter: cultured butter, mildly soured butter",发酵黄油、微酸黄油,May contain small amounts of histamine. Usually well tolerated.,可能含有少量组胺；通常耐受良好。
item,4,0,,,,,butter: sweet cream butter,甜奶油黄油,"Sweet cream butter is the normal butter, not fermented with bacteria.",甜奶油黄油是普通黄油，不经细菌发酵。
item,4,0,,,,,Butterkaese,黄油,,
item,4,1,H,,,,"buttermilk (slightly sour, starting to ferment)",酪乳（微酸、开始发酵）,Lactic acid fermentation,乳酸发酵。
item,4,2,H,A,,,cheddar cheese,切达奶酪,,
item,4,2,H,A,,,"cheese made from unpasteurised ""raw"" milk","奶酪是用""生""奶做的",Depending on hygiene. Higher risk than for cheese made from pasteurized milk,取决于卫生条件；风险高于巴氏杀菌奶制成的奶酪。
item,4,3,H,A,,,"cheese: hard cheese, all well matured cheeses","奶酪:坚硬的奶酪,所有成熟的奶酪",,
item,4,0,,,,,"cream cheeses (means: very young cheeses), plain, without additives",奶油奶酪（即很年轻的奶酪），原味，不含添加剂,,
item,4,0,,,,,"cream, sweet, without additives",甜奶油，不含添加剂,"Tolerated if unfermented. Always check for additives. Mostly contains intolerated thickeners or stabilizers, e.g. E407, E410!",未发酵时可耐受。务必检查添加剂；常含不耐受的增稠剂或稳定剂，如 E407、E410！
item,4,0,,,,,curd cheese,凝乳干酪,,
item,4,0,,,?,,"ewe's milk, sheep's milk",母羊奶、绵羊奶,,
item,4,0,,,,,farmer's cheese (a type of fresh cheese),农民奶酪(一种新鲜奶酪),,
item,4,1,H,A,,,Feta cheese,菲达奶酪,,
item,4,2,H,A,,,Fontina cheese,丰蒂纳奶酪,,
item,4,0,,,,,"Geheimratskaese, Geheimrats cheese",盖海姆拉特斯开士,,
item,4,0,,,?,,"goat's milk, goat milk",山羊奶,,
item,4,0,,,,,Gouda cheese (young),年轻高达奶酪,Eat small quantities only.,仅少量食用。
item,4,2,,,,,"Gouda cheese, old",陈年高达奶酪,,
item,4,1,H,A,,,"kefir, keefir, kephir",开菲尔,,
item,4,0,,,,,Mascarpone cheese,马斯卡蓬奶酪,,
item,4,1,H,,?,,"milk, lactosefree",无乳糖牛奶,"Sometimes well tolerated, sometimes slightly worse tolerated than regular milk.",有时耐受良好，有时比普通牛奶略难耐受。
item,4,0,,,?,,"milk, pasteurised",巴氏杀菌奶,"Milk may be incompatible, as long as the bowel is still irritated.",只要肠道仍处于刺激状态，牛奶可能不兼容。
item,4,0,,,?,,"milk, UHT",超高温灭菌奶,"UHT = ultra-high temperature processing, ultra-heat treatment",UHT = 超高温处理。
item,4,1,?,,?,,milkpowder,奶粉,"Sometimes well tolerated, sometimes not.",有时耐受良好，有时不耐受。
item,4,2,H,A,?,,"mold cheeses, mould cheeses",霉菌奶酪、霉菌奶酪,,
item,4,0,,,,,Mozzarella cheese,马苏里拉奶酪,,
item,4,2,H,A,,,processed cheese,加工奶酪,,
item,4,2,H,A,,,products made from unprocessed (raw) milk,由未加工(生)奶制成的产品,,
item,4,0,,,,,quark,夸克,,
item,4,2,H,A,,,Raclette cheese,拉克莱特奶酪,,
item,4,0,H!,?,?,,raw milk,生牛奶,Perishable due to higher bacterial count. Use only fresh.,因细菌数较高而易腐败；只使用新鲜品。
item,4,2,?,?,?,,ready made cheese preparations (with other/further ingredients),制成的奶酪制剂(加上其他/进一步成分),Depending on the ingredients and freshness,取决于成分和新鲜度。
item,4,0,,,,,Ricotta cheese,龙卷风奶酪,,
item,4,2,H,A,,,Rochefort cheese,罗什福尔奶酪,,
item,4,2,H,A,,,Roquefort cheese,罗克福芝士,,
item,4,0,,,?,,"sheep's milk, sheep milk","羊奶,羊奶,羊奶,羊奶,羊奶,羊奶,羊奶",,
item,4,1,H,,,,sourcream,酸奶酱,Lactic acid fermentation! Slightly histamine containing,乳酸发酵！含有少量组胺。
item,4,0,,,,,whey,嘘,,
item,4,1,H,?,,,yoghurt (natural yoghurt),酸奶（原味酸奶）,Varies by product,因产品而异。
category,4,,,,,,Meat,肉类,,
item,4,0,H!,,,,beef (fresh),牛肉（新鲜）,,
item,4,0,H!,,,,chicken,鸡肉,,
item,4,3,H,A,?,,dried meat (any kind),干肉(任何种类),,
item,4,3,H,A,?,,dry-cured ham,干烧火腿,,
item,4,0,H!,,,,duck,鸭肉,,
item,4,2,H!,,L,,entrails,内脏,,
item,4,1,H,?,,,game,游戏,"Mostly matured meat, but fresh wild boar is well tolerated.",多为熟成肉；但新鲜野猪肉通常耐受良好。
item,5,3,H,A,?,,"ham (dried, cured)","火腿(干燥,治愈)",,
item,5,2,H!,,L,,innards,内纳,,
item,5,0,,,,,minced meat (if eaten immediately after its production),薄荷肉(如果生产后立即食用),Strongly depends on the freshness,高度取决于新鲜程度。
item,5,2,H,A,,,minced meat (open sale or pre-packed),薄肉(公开销售或预包装),Strongly depends on the freshness,高度取决于新鲜程度。
item,5,0,H!,,,,ostrich,鸟类,,
item,5,1,H!,,?,,pork (fresh and untreated),猪肉（新鲜、未经处理）,Controversial. Mostly well tolerated but very perishable. Histamine liberator -> itching?,存在争议。通常耐受良好，但非常易腐败。可能作为组胺释放剂导致瘙痒？
item,5,0,H!,,,,poultry meat,家禽肉类,,
item,5,0,H!,,,,quail,il,,
item,5,3,H,A,?,,salami,香肠,,
item,5,3,H,?,?,,sausages of all kinds,各种香肠,A few acceptable exceptions are possible.,可能存在少数可接受的例外。
item,5,3,H,?,?,,smoked fish (any),烟鱼(任何),,
item,5,3,H,?,?,,smoked meat (any),烟肉(任何),,
item,5,0,,,,,"tongue (veal, beef)",舌头(牛肉、牛肉),Check for intolerated ingredients if processed ready to eat. No smoked products.,若为即食加工品，请检查是否含不耐受成分。不要选择烟熏制品。
item,5,0,H!,,,,turkey,火鸡肉,,
item,5,0,H!,,,,veal (fresh),小牛肉（新鲜）,,
item,5,1,H,?,,,venison,动物,"Mostly matured meat, but fresh wild boar is well tolerated.",多为熟成肉；但新鲜野猪肉通常耐受良好。
item,5,1,H,?,,,wild meat,野生肉类,"Mostly matured meat, but fresh wild boar is well tolerated.",多为熟成肉；但新鲜野猪肉通常耐受良好。
category,5,,,,,,Fish,鱼,,
item,5,3,H,A,,,anchovies,凤尾鱼,,
item,5,0,H!,A,,,fish (freshly caught or frozen),鱼（刚捕获或冷冻）,Extremely depending on freshness and species,极大程度取决于新鲜度和鱼种。
item,5,3,H!,A,,,fish (in the shop in the cooling rack or on ice),鱼(在冷却架的商店或冰上),Extremely depending on freshness and species,极大程度取决于新鲜度和鱼种。
item,5,0,H!,,,,"trout (freshwater): brown trout, brook trout, rainbow trout",鳟鱼(淡水):棕鳟鱼、溪鳟鱼、虹鳟鱼,Perishable. Rapid histamine formation.,易腐败，会快速形成组胺。
item,5,3,H,A,,,tuna,金枪鱼,,
category,5,,,,,,Sea fo,Sea,,
item,5,2,H!,,L,,"bivalves (mussels, oisters, clams, scallops, ...)","双val(贻贝, o,蛤,扇贝,.",,
item,5,2,H!,,L,,crab,蟹,,
item,5,2,H!,,L,,crab,蟹,,
item,5,2,H!,,L,,crawfish,水龙虾,,
item,5,2,H!,,L,,crayfish,蜡笔鱼,,
item,5,2,H!,,L,,langouste,恶言,,
item,5,2,H!,,L,,lobster,龙虾,,
item,5,2,H!,,L,,oysters,牡蛎,,
item,5,2,H!,,L,,prawn,对虾,,
item,5,2,H!,,L,,rock lobsters,岩龙虾,,
item,5,2,H!,,L,,"seafood, sea food",海产食品、海产食品,,
item,5,2,H!,,L,,shellfish,贝类,"(e.g. mussels, oisters, crab, lobster, shrimp)",（例如贻贝、牡蛎、蟹、龙虾、虾）
item,5,2,H!,,L,,shrimp,虾,,
item,5,2,H!,,L,,spiny lobsters,刺刺龙虾,,
category,5,,,,,,Misce,雾,,
item,5,0,,,,,lard,猪油,,
category,5,,,,,,getab Starc,盖阿布·斯塔克,,
item,5,0,,,,,"amaranth, Amaranthus",苋属籽粒、苋米,"May cause diarrhea in some cases. This entry refers to the pseudo grain called amaranth, (plant genus Amaranthus). Not to be confused with the azo dye amaranth (an artificial food coloring).",某些情况下可能导致腹泻。本条指称为苋米的伪谷物（苋属植物），不要与偶氮染料苋菜红（一种人工食用色素）混淆。
item,5,1,?,,,,baked goods,烤货,"Problems are often caused by: malt, iodine, long fermentation times of yeast or sourdough, possibly also ATI grains (certain varieties with amylase-tryptase- inhibitors, undeclared)",问题常由以下因素引起：麦芽、碘、酵母或酸面团长时间发酵，也可能与 ATI 谷物有关（某些含淀粉酶-胰蛋白酶抑制剂的品种，通常未标注）。
item,5,1,,,,,barley,大麦,,
item,5,2,?,?,?,,"barley malt, malt","大麦麦芽,麦芽",,
item,5,1,?,,,,bread,面包,"Problematic ingredients: malt, iodine, long fermentation times of yeast or sourdough, possibly also ATI grains (certain varieties with amylase-tryptase- inhibitors, undeclared)",问题成分：麦芽、碘、酵母或酸面团长时间发酵，也可能包括 ATI 谷物（某些含淀粉酶-胰蛋白酶抑制剂的品种，通常未标注）。
item,5,2,,?,?,,buckwheat,荞麦,"Only incompatible, if not thoroughly peeled?",只有在未彻底去皮时才不兼容？
item,5,0,,,,,"chestnut, sweet chestnut",栗子、甜栗,,
item,5,0,,,!,,cornflakes (if no additives such as malt or folic acid),玉米片（无麦芽或叶酸等添加剂）,"Be careful with malt, folic acid",注意麦芽和叶酸。
item,5,0,,,,,hemp seeds (Cannabis sativa),大麻种子(Cannabis sativa),The legal non-psychoactive subspecies,合法的非精神活性亚种。
item,5,0,,,,,"KAMUT®, Khorasan wheat","卡穆特,呼罗珊小麦",Prefer old varieties (e.g. KAMUT®). Modern ATI-varieties modified by cultivation are often not well tolerated.,优先选择古老品种（如 KAMUT®）。现代育种改良的 ATI 品种通常耐受性较差。
item,5,0,,,,,"Khorasan wheat or Oriental wheat (Triticum turgidum ssp. turanicum), KAMUT®","霍拉桑小麦或东方小麦(Triticum turgidum ssp. turanicum),KAMUT®",Prefer old varieties (e.g. KAMUT®). Modern ATI-varieties modified by cultivation are often not well tolerated.,优先选择古老品种（如 KAMUT®）。现代育种改良的 ATI 品种通常耐受性较差。
item,5,2,?,?,?,,"malt, barley malt",大麦麦芽,,
item,5,0,,,,,maltodextrin,马氏剂,,
item,5,0,,,,,millet,小米,,
item,5,0,,,,,oats,燕麦,Some varieties may sometimes be intolerated (flatulence).,某些品种有时可能不耐受（胀气）。
item,5,0,,,,,pearl sago,珍珠酱,,
item,6,0,,,,,potato with peel,土豆带皮,Dark place! Green points are poisonous! Possibly incompatible for those with salicylate intolerance,避光保存！发绿部位有毒！对水杨酸盐不耐受者可能不兼容。
item,6,0,,,,,"potato, new, with peel","土豆,新,带皮",Dark place! Green points are poisonous! Possibly incompatible for those with salicylate intolerance,避光保存！发绿部位有毒！对水杨酸盐不耐受者可能不兼容。
item,6,0,,,,,"potato, peeled","土豆,剥皮",Dark place! Green points are poisonous!,避光保存！发绿部位有毒！
item,6,0,,,,,quinoa,qui,Possibly not always well tolerated?,可能并非总是耐受良好？
item,6,0,,,,,rice,米,"After cooking, store in the fridge up to 12-24 hours max.",烹饪后冷藏保存最多 12-24 小时。
item,6,0,,,,,"rice buiscuits, rice cakes","大米饼干,大米蛋糕",Slightly worse tolerated than freshly cooked rice,耐受性略低于刚煮好的米饭。
item,6,0,,,,,rice crispies,大米脆饼,"Be careful with malt, folic acid",注意麦芽和叶酸。
item,6,0,,,,,rice noodles,饭面,Slightly worse tolerated than freshly cooked rice,耐受性略低于刚煮好的米饭。
item,6,1,,,,,rye,黑麦,Barely tolerated,几乎不耐受。
item,6,0,,,,,sago,萨果,,
item,6,0,,,?,,spelt,斯佩尔特小麦,Prefer old varieties. Modern ATI-varieties modified by cultivation are often not well tolerated.,优先选择古老品种。现代育种改良的 ATI 品种通常耐受性较差。
item,6,2,,,L,,sunflower seeds,向日葵种子,,
item,6,0,,,,,"sweet corn, maize kernels: corn on the cob, fresh / pasteurised","甜玉米、玉米内核:旱桶上的玉米,新鲜/",Hard to digest.,较难消化。
item,6,0,,,,,"sweet corn, maize kernels: dried (maize meal, maize flour)",甜玉米、玉米内核:干(玉米面粉),,
item,6,0,,,,,"sweet corn, maize kernels: out of the tin","甜玉米,玉米内核:出锡",Hard to digest. Possibly incompatible after long-term storage or in large quantities?,较难消化。长期储存后或大量摄入时可能不兼容？
item,6,0,,,,,sweet potato,甜马铃薯,,
item,6,1,?,,?,,wheat,小麦,Uneven. Mostly digestive problems like flatulence.,个体差异较大；多为胀气等消化问题。
item,6,2,,A,L,,wheat germ,小麦菌,"Putrescine, spermine, spermidine, cadaverine",腐胺、精胺、亚精胺、尸胺。
item,6,0,,,,,wild rice,野米饭,Wild rice is not botanically related to rice.,野米与大米没有植物关系.
item,6,0,,,,,yam,扬,,
category,6,,,,,,Nuts,坚果,,
item,6,1,,,,,almond,杏仁,Small amounts are well tolerated. May cause e.g. sleep problems.,"少量是完全耐受的,可能会造成睡眠问题。"
item,6,0,,,,,Brazil nut,巴西坚果,Max. 1-2 nuts per day are a good source of selenium,最大每天1-2个坚果是硒的好来源
item,6,1,,A,L,,cashew nut,腰果坚果,,
item,6,0,,,,,chufa sedge (Cyperus esculentus),chu(Cyperus esculentus)为chu科 属下的一个种.,"Actually not a nut, but tuber (thickening of stolons)",严格说不是坚果，而是块茎（匍匐茎膨大部分）。
item,6,2,,,?,,"chufa sedge (Cyperus esculentus), roasted",烤焦的树枝,"Actually not a nut, but tuber (thickening of stolons)",严格说不是坚果，而是块茎（匍匐茎膨大部分）。
item,6,0,,,,,earth almond,土杏红,"Actually not a nut, but tuber (thickening of stolons)",严格说不是坚果，而是块茎（匍匐茎膨大部分）。
item,6,1,,,L,,hazelnut,榛子,,
item,6,0,,,,,macadamia,母亲,,
item,6,0,,,,,nut grass,坚果草,"Actually not a nut, but tuber (thickening of stolons)",严格说不是坚果，而是块茎（匍匐茎膨大部分）。
item,6,3,,,,,nuts,坚果,Uneven. See individual species.,"不均匀,见个别物种。"
item,6,2,,,,,peanuts,花生酱,,
item,6,1,,,?,,pine nuts,松坚果,Several species. Maybe not all of them with the same compatibility?,"有几个物种,也许不是全部都具有相同的兼容性?"
item,6,0,,,,,pistachio,开心果,,
item,6,0,,,,,tiger nut sedge,老虎螺丝,"Actually not a nut, but tuber (thickening of stolons)",严格说不是坚果，而是块茎（匍匐茎膨大部分）。
item,6,3,,A,L,,walnut,核桃,,
item,6,0,,,,,yellow nutsedge,黄坚果,"Actually not a nut, but tuber (thickening of stolons)",严格说不是坚果，而是块茎（匍匐茎膨大部分）。
category,6,,,,,,Fats a,脂肪 a,,
item,6,0,,,,,black caraway oil (Nigella sativa),黑色汽车油(Nigella sativa),antiallergic,抗过敏
item,6,0,,,,,canola oil,卡诺拉油,,
item,6,0,,,,,"coconut fat, coconut oil, copra oil",椰子脂肪、椰子油、椰子油,Very recommended,非常推荐
item,6,0,,,,,fennel flower oil (Nigella sativa),芬内尔花油(Nigella sativa),antiallergic,抗过敏
item,6,0,,,,,margarine (check for intolerated additives),黄油(检查耐用添加剂),Check for incompatible additives,检查不兼容添加剂
item,6,0,,,,,Nigella sativa oil,奈杰拉·萨蒂瓦油,antiallergic,抗过敏
item,6,0,,,,,nutmeg flower oil (Nigella sativa),坚果花油(Nigella sativa),antiallergic,抗过敏
item,6,0,,,,,olive oil,橄榄油,Incompatible for those with salicylate intolerance,对水杨酸盐不耐受者不兼容。
item,6,0,,,,,palm kernel oil,棕榈内核油,"Should not be bought for ecological reasons. Apart from that, it is recommended.",出于生态原因不建议购买；除此之外，该食物本身是推荐的。
item,6,0,,,,,"palm oil, dendê oil",棕榈油、干油,"Should not be bought for ecological reasons. Apart from that, it is recommended.",出于生态原因不建议购买；除此之外，该食物本身是推荐的。
item,6,0,,,,,pumpkin seed oil,南瓜种子油,"This oil is made by pressing roasted, hulled pumpkin seeds (pepitas), from a local variety of pumpkin, the Styrian oil pumpkin.","这种油是由按压烤制的,壳状的南瓜种子(pepitas)制成的,来自当地的多种南瓜,即斯蒂利亚油南瓜."
item,6,0,,,,,rape seed oil,强奸种子油,,
item,6,0,,,,,Roman coriander oil (Nigella sativa),罗马科里安德油(Nigella sativa),antiallergic,抗过敏
item,6,0,,,,,safflower oil,红花油,,
item,6,1,,,,,sunflower oil,葵花籽油,"A single dose is no problem, but is inflammatory in the long term.","单剂量是没有问题的,但长期来说是煽动性的。"
item,6,2,,,?,,walnut oil,核桃油,,
category,6,,,,,,Veget,植物,,
item,6,0,,,,,artichoke,洋蓟,,
item,6,0,,,,,asparagus,芦笋,,
item,6,2,H,?,?,?,aubergine,欧文,,
item,6,2,H,,L,,avocado,鳄梨,,
item,6,?,,,,,bamboo shoots,竹子射击,,
item,7,2,,,L,,beans (pulses),豆类(脉冲),Applies to virtually all types / varieties. Some tolerated exceptions are possible in some cases.,"适用于几乎所有类型/品种,在某些情况下可以允许一些例外。"
item,7,0,,,,,beetroot,甜菜根,,
item,7,2,,,,,bell pepper (hot),铃椒(热),,
item,7,0,,,,,bell pepper (sweet),铃椒(甜),,
item,7,0,,,,,bok choi,k,,
item,7,2,,,,,borlotti beans,波罗提豆,,
item,7,2,H,?,?,?,brinjal,布林贾尔,,
item,7,0,,,,,broccoli,西兰花,,
item,7,1,,,L,,brussels sprouts,布鲁斯芽,,
item,7,0,,,,,"cabbage, green or white","小白菜,绿色或白色",,
item,7,0,,,,,cabbagge (excepting coliflower and kohlrabi),出租车包(科利花和科拉比除外),,
item,7,0,,,,,carrot,胡萝卜,,
item,7,0,,,,,cauliflower,菜叶花,,
item,7,0,,,,,celery,芹菜,,
item,7,0,,,,,celery cabbage (Brassica rapa subsp. pekinensis),芹菜(学名:Brassica rapa subsp. pekinensis)为茜草科芹菜属下的一个种.,,
item,7,1,,,?,,chard stalks (Beta vulgaris subsp. vulgaris),粗粗粗粗的细茎,,
item,7,?,,,,,chayote,蓝宝石,Possibly not well tolerated.,可能耐受性不佳。
item,7,2,,,,,chickpeas,小鸡豆,,
item,7,0,,,,,chicory (Cichorium intybus),鸡尾酒(Cichorium intybus),,
item,7,2,,,?,,"chili pepper, red, fresh","辣椒,红色,新鲜的",Hotness is irritating,热是刺激
item,7,?,,,,,choko,cho子,Possibly not well tolerated.,可能耐受性不佳。
item,7,0,,,,,"corn salad, lamb's lettuce (Valerianella locusta)","玉米沙拉,羊肉生菜(Valerianella蝗虫)",,
item,7,0,,,,,courgette,外观,,
item,7,?,,,?,,cress: garden cress (Lepidium sativum),装潢:园林装潢,,
item,7,0,,,,,cucumber,黄瓜,,
item,7,2,H,?,?,?,eggplant,茄子,,
item,7,0,,,,,endive (Cichorium endivia),止痛药(Cichorium 止痛药),,
item,7,0,,,,,fennel,芬内尔,,
item,7,?,,,?,,garden cress (Lepidium sativum),园林服饰( Lepidium sitivum),,
item,7,1,,,,,garlic,大蒜,"In small amounts, usually well tolerated after cooking",少量的 通常在做饭后会被耐受
item,7,1,,,,,German turnip,德国萝卜,,
item,7,0,,,,,gourds,瓜类,,
item,7,1,,,,,green beans,绿豆,Can be well tolerated in some cases,在某些情况下是可以耐受的
item,7,1,,,,,green peas,绿色豌豆,,
item,7,1,,,,,green split peas,绿色分裂的豌豆,,
item,7,1,,,L,,horseradish,马铃薯,,
item,7,2,,,L,,kelp (large seaweeds (algae) belonging to the brown algae),海藻(棕藻属大海藻).,e.g. as an ingredient in seasoned salt / herbal salt,"例如,作为成熟盐/草盐的成分"
item,7,1,,,,,kohlrabi,科尔拉比,,
item,7,0,,,,,"lamb's lettuce, corn salad (Valerianella locusta)",羊肉生菜、玉米沙拉(Valerianella蝗虫),,
item,7,1,,,?,,leek,莱克,"In small amounts, usually well tolerated","少量的,通常会耐受的"
item,7,2,,,,,lentils,扁豆类,,
item,7,0,,,,,lettuce iceberg,结冰山,,
item,7,0,,,,,lettuce: head and leaf lettuces,生菜:头叶生菜,Rating applies to the plant without dressing,对植物进行不敷料的评分
item,7,0,,,,,marrow,髓,,
item,7,?,,,,,"mungbeans (germinated, sprouting)","m豆(变种,增生)",,
item,7,0,,,,,napa cabbage,纳帕小白菜,,
item,7,2,?,?,,,olives,橄榄,"Usually fermented, sometimes with intolerated ingredients","通常发酵,有时带有耐用成分"
item,7,1,,,L,,onion,洋葱,Incompatible in large quantities,大量摄入时不兼容。
item,7,0,,,,,pak choi,ak,,
item,7,0,,,,,parsnip,剖析,,
item,7,2,,,L,,perennial wall-rocket (Diplotaxis tenuifolia),常年墙壁火箭,,
item,7,3,H,,,,pickled cabbage,腌白菜,,
item,7,2,H,?,,,pickled cucumber,腌黄瓜,,
item,7,2,H,?,,,pickled gherkin,腌黄瓜,,
item,7,2,H,?,,,pickled vegetables,腌制蔬菜,,
item,7,2,,,L,,"pulses (soy, beans, peas, lentils…)","脉(豆,豆,豆,扁豆. )",,
item,7,0,,,,,pumpkins (various varieties),南瓜(各种品种),,
item,7,0,,,,,radish: red radish (the tiny red round ones),萝卜:红萝卜(小红圆的),,
item,7,0,,,,,radish: white radish (the long white ones),萝卜:白萝卜(长白),,
item,7,0,,,?,,red cabbage,红白菜,,
item,7,3,H,,,,sauerkraut,au,,
item,7,1,,,?,,Savoy cabbage,萨伏依小白菜,,
item,7,1,,,,,snow peas,雪豌豆,,
item,7,2,,,,,"soy (soy beans, soy flour)",豆类(豆类、豆粉),,
item,7,2,,,,,spinach,菠菜,,
item,8,0,,,,,squashes,壁球,,
item,8,2,H,?,?,,stinging nettle (Urtica dioica),刺网(Urtica dioica),,
item,8,2,H,,L,,tomato,番茄,,
item,8,?,,,,,turnip,萝卜,,
item,8,1,,,,,turnip cabbage,萝卜小白菜,,
item,8,2,,,,,"Vicia faba, broad bean","Vicia faba, 宽豆",,
item,8,0,,,,,white onion,白洋葱,"A type of onion that has a pure white skin and a sweet, mild white flesh (not the common onion).",一类洋葱具有纯白皮肤和甜美温和的白肉(而非常见的洋葱).
item,8,1,,,,,yellow split peas,黄色分裂的豌豆,,
item,8,0,,,,,zucchini,西葫芦,,
category,8,,,,,,Herbs,草药,,
item,8,0,,,,,basil,罗勒,,
item,8,1,,,L,,bear leek (Allium ursinum),熊列克( ursinum Allium),Small amounts are well tolerated.,少量通常耐受。
item,8,1,,,L,,bear's garlic (Allium ursinum),熊蒜(ium),Small amounts are well tolerated.,少量通常耐受。
item,8,2,,,,,blue fenugreek (Trigonella caerulea),蓝色 fenugreek(三角形),,
item,8,1,,,L,,broad-leaved garlic (Allium ursinum),阔叶大蒜(ium),Small amounts are well tolerated.,少量通常耐受。
item,8,1,,,L,,buckrams (Allium ursinum),budrams( ursinum Allium) (阿勒姆乌斯宁),Small amounts are well tolerated.,少量通常耐受。
item,8,1,,,,,chives,乌鸦,Incompatible in large quantities,大量摄入时不兼容。
item,8,2,,,,,clover (trigonella and trifolium species),丁香草(三孔虫和三孔虫),"For example, fenugreek, blue fenugreek",例如葫芦巴、蓝葫芦巴。
item,8,1,,,,,dill,迪尔,Small amounts usually not a problem. High salicylate content.,"小量通常不成问题,高盐酸含量。"
item,8,2,,,,,fenugreek (Trigonella foenum-graecum),fenugreek (特里贡内拉胎儿-腺肿),,
item,8,0,,,,,mint,薄荷,Incompatible for those with salicylate intolerance,对水杨酸盐不耐受者不兼容。
item,8,0,,,,,oregano,奥雷根诺,,
item,8,0,,,,,parsley,欧芹,,
item,8,1,,,L,,ramsons (Allium ursinum),拉姆松(乌西南),Small amounts are well tolerated.,少量通常耐受。
item,8,0,,,,,rosemary,迷宫,,
item,8,0,,,,,sage,贤者,,
item,8,0,,,,,savory (Satureja hortensis),口味( Satureja hortensis) Name,,
item,8,2,,,,,trifolium,三离子,"For example, fenugreek, blue fenugreek",例如葫芦巴、蓝葫芦巴。
item,8,2,,,,,trigonella,三边形,"For example, fenugreek, blue fenugreek",例如葫芦巴、蓝葫芦巴。
item,8,1,,,L,,wild garlic (Allium ursinum),野生大蒜(亚麻),Small amounts are well tolerated.,少量通常耐受。
item,8,1,,,L,,wood garlic (Allium ursinum),木蒜(硫磺),Small amounts are well tolerated.,少量通常耐受。
category,8,,,,,,Fruits,水果,,
item,8,0,,,,,"acerola, acerola powder, Barbados cherry, West Indian cherry, wild crepe myrtle","阿塞罗拉,阿塞罗拉粉,巴巴多斯樱桃,西印度樱桃,野生樱桃",,
item,8,0,,,,,apple,苹果,,
item,8,0,,,,,apple: Golden Delicious,苹果:黄金美味,,
item,8,0,,,,,apricot,杏类,,
item,8,?,,,,,"aronia, chokeberries, red chokeberry (Aronia arbutifolia), black chokeberry (Aronia melanocarpa)","红 choke(Aronia arbutifolia),黑 choke(Aronia melanocarpa)",,
item,8,?,,,,,Asimina triloba,Asimina 三边形,,
item,8,2,H,,L,,avocado,鳄梨,,
item,8,2,,A,,,banana,香蕉,(The greener the better tolerated?),(越绿越耐受? )
item,8,?,,,,,Barbary fig (Opuntia ficus-indica),巴巴利无花果(Opuntia ficus-indica),Avoid skin contact with the spikes!,避免皮肤接触刺。
item,8,0,,,,,blackberry,黑莓树,,
item,8,0,,,,,blackcurrants,黑色曲线,,
item,8,0,,,,,blueberries,蓝莓,,
item,8,?,,,,,boysenberry,红莓,,
item,8,?,,,,,cactus pear (Opuntia ficus-indica),仙人掌梨(学名:Opuntia ficus-indica)为茜草科梨属下的一个种.,Avoid skin contact with the spikes!,避免皮肤接触刺。
item,8,0,,,,,"carambola, starfruit","卡兰博拉,星果",,
item,8,0,,,,,cherry,樱桃,Controversial,有争议的
item,8,2,,A,L,,citrus fruits,柑橘果实,,
item,8,0,,?,,,cocoa butter,可可黄油,Mostly well tolerated,通常耐受良好。
item,8,2,,A,L,,"cocoa, cocoa powder (chocolate, etc.)",可可、可可粉(巧克力等),,
item,8,0,,,,,"coconut, coconut shavings, coconut milk",椰子、椰蓉、椰奶,Good source of selenium,硒的良好来源
item,8,?,,,,,common pawpaw of NE-USA,美国本土常见的爪子,,
item,8,0,,,,,common sea-buckthorn (Hippophaë rhamnoides),普通海角(Hippophaë rhamnoides),,
item,8,0,,,,,cowberry,黄莓,,
item,8,0,,,,,cranberry,蔓越莓,,
item,8,0,,,,,"dates (dried, desiccated)",枣（干枣）,,
item,8,1,,,L,,dog rose (Rosa canina),犬蔷薇（Rosa canina）,,
item,8,0,,,,,"dragon fruit, pitaya, pitahaya",火龙果,,
item,8,1,,,,,figs (fresh or dried),无花果（新鲜或干燥）,May be slightly laxative,可能有点松
item,8,0,,,,,"goji berry, Chinese wolfberry, Chinese boxthorn, Himalayan goji, Tibetan goji",枸杞、中华枸杞、喜马拉雅枸杞、藏枸杞,,
item,8,0,,,,,"gooseberry, gooseberries",醋栗,,
item,8,2,,A,L,,grapefruit,葡萄柚,,
item,9,0,,?,,,grapes,葡萄,,
item,9,2,,,?,,guava,番石榴,,
item,9,?,,,,,"Indian fig opuntia (Opuntia ficus-indica), Barbary fig, cactus pear, spineless cactus, prickly pear, tuna",仙人掌果（Opuntia ficus-indica）、巴巴里无花果、仙人掌梨、无刺仙人掌、刺梨,Avoid skin contact with the spikes!,避免皮肤接触刺。
item,9,0,,,,,jostaberry,乔斯塔莓,This plant is a hybrid between gooseberry and blackcurrant.,这种植物是鹅莓和黑cur的杂交种.
item,9,0,,,,,kaki,柿子,,
item,9,2,,?,L,,kiwi fruit,猕猴桃,,
item,9,?,,?,,,ladyfinger banana,小香蕉/手指蕉,The greener the better tolerated,越生/越绿通常越容易耐受。
item,9,2,,A,L,,lemon,柠檬,,
item,9,2,,?,L,,"lemon peel, lemon zest",柠檬皮、柠檬皮屑,,
item,9,3,,A,L,,lime,青柠,,
item,9,0,,,,,lingonberry,越橘,,
item,9,?,,,,,loganberry,长莓,,
item,9,0,,,,,lychee,莱切,,
item,9,2,,,,,"mandarin orange, mandarin, mandarine (Citrus reticulata)","普通话橙色,普通话,普通话(Citrus reticulata)",,
item,9,1,,,?,,mango,芒果语,To be debated. Is often well tolerated.,"要辩论,经常被耐受"
item,9,0,,,?,,melons (except watermelon),甜瓜(西瓜除外),Suspected occasional histamine liberator effects (due to pollutant / pesticide exposure?),疑似偶发组织胺消化剂效应(因为污染物/农药接触?
item,9,0,,,,,morello cherries,莫洛樱桃,,
item,9,?,,,,,mulberry,浆果,,
item,9,?,,?,,,nashi pear,纳希梨,,
item,9,0,,,,,nectarine,花环,,
item,9,3,,A,L,,orange,橙子,,
item,9,3,,?,L,,"orange peel, orange zest","橙皮,橙泽",,
item,9,2,,A,L,,"papaya, pawpaw",木瓜 爪子 木瓜 木瓜 爪子,,
item,9,?,,,,,"passion fruit, passionfruit","激情果实,激情果实",,
item,9,?,,,,,paw paw,爪头,,
item,9,0,,,,,peach,桃实,,
item,9,1,,A,,,pear,梨树,,
item,9,1,,A,,,"pear, peeled canned in sugar syrup","梨,用糖浆剥罐头",,
item,9,0,,,,,persimmon,紫外线,,
item,9,2,,A,L,,pineapple,菠萝,,
item,9,0,,,,,"pitaya, pitahaya, dragon fruit","pit, pit,龙果",,
item,9,1,,,L,,plum,红梅,,
item,9,0,,,,,pomegranate,石榴,,
item,9,?,,,,,prickly pear (Opuntia ficus-indica),刺状梨(Opuntia ficus-indica),Avoid skin contact with the spikes!,避免皮肤接触刺。
item,9,1,,,L,,prune,棱镜,,
item,9,1,,,?,,Prunus domestica subsp. Domestica,Prunus 国内a 子sp. 国内a,Better tolerated than other plums. Mainly cultivated in Central Europe.,比其他李子更易耐受；主要种植于中欧。
item,9,?,,,,,"purple granadilla, passionfruit","紫色颗粒,香果",,
item,9,0,,?,,,quince,成人,,
item,9,0,,,,,raisins,葡萄干,Only if not sulphured / without sulphite / without preservatives! High salicylate content!,如果不是硫化物/没有硫酸盐/没有防腐剂!高盐酸盐含量!
item,9,2,,,,,raspberry,树莓,,
item,9,0,,,,,"redcurrants, currant",红ants、 cur,,
item,9,0,,,,,"redcurrants, currant",红ants、 cur,,
item,9,1,,,,,rhubarb,鲁巴,Controversial. Often well tolerated. Oxalic acid.,争议性 常被耐受 可卡因
item,9,1,,,L,,rose hip,玫瑰的臀部,,
item,9,0,,,,,sallow thorn,沙发刺,,
item,9,0,,,,,sharon fruit,沙龙果,,
item,9,0,,,,,sour cherry,酸樱桃,,
item,9,?,,,,,spineless cactus (Opuntia ficus-indica),无脊椎仙人掌,Avoid skin contact with the spikes!,避免皮肤接触刺。
item,9,2,,A,L,,strawberry,草莓,,
item,9,?,,?,,,sugar banana,香蕉糖类,The greener the better tolerated,越生/越绿通常越容易耐受。
item,9,?,,,,,"tamarillo, Solanum betaceum","塔马里略,索拉努姆βceum",,
item,9,?,,,,,"tuna, prickly pear (Opuntia ficus-indica)",刺梨金枪鱼(Opuntia ficus-indica),Avoid skin contact with the spikes!,避免皮肤接触刺。
item,9,1,,,?,,watermelon,西瓜,Suspected histamine liberator effects,疑似组织胺解放剂效应
item,9,1,,,?,,Zwetschge (damson plum subspecies domestica),Zwetschge(达姆森梅花亚种) 昆明植物研究所.,Better tolerated than other plums. Mainly cultivated in Central Europe.,比其他李子更易耐受；主要种植于中欧。
category,9,,,,,,Seeds,种子,,
item,9,0,,,,,chia (Salvia hispanica),奇亚籽,,
item,9,0,,,,,"isabgol, psyllium seed husks",伊萨布醇、 种子壳,Can be useful both for constipation as well as diarrhea.,对便秘和腹泻都可能有帮助。
item,9,0,,,,,"ispaghula, psyllium seed husks","伊什帕古拉, 种子壳",Can be useful both for constipation as well as diarrhea.,对便秘和腹泻都可能有帮助。
item,9,0,,,,,psyllium seed husks (Plantago ovata),psy种子壳(Plantago ovata),Can be useful both for constipation as well as diarrhea.,对便秘和腹泻都可能有帮助。
item,9,0,,,,,pumpkin seeds,南瓜种子,,
item,9,1,,,,,sesame,芝麻,May cause diarrhea in some cases,在某些情况下可能导致腹泻
category,9,,,,,,ushro,乌什罗,,
item,9,3,,,L,,algae and algae derivatives,藻类和藻类衍生物,Extremely rich in iodine,碘含量极高。
item,10,3,,,L,,"brown algae, algae","棕藻,藻类",Extremely rich in iodine,碘含量极高。
item,10,2,,,,,cep,cep (中文(简体) ).,,
item,10,3,,,L,,"green algae, algae",绿藻、藻类,Extremely rich in iodine,碘含量极高。
item,10,3,,,L,,"kelp, seaweed, algae",海藻、海藻、藻类,Extremely rich in iodine,碘含量极高。
item,10,3,,,L,,Kombu seaweed,孔布海藻,Extremely rich in iodine,碘含量极高。
item,10,2,,,,,morel,ưμ㼯A,,
item,10,2,,,,,"mushrooms, different types",不同种类的蘑菇,,
item,10,3,,,L,,Nori seaweed,诺里海藻,Extremely rich in iodine,碘含量极高。
item,10,2,,,,,porcino mushroom (Boletus edulis),猪笼草(Boletus edulis),,
item,10,3,,,L,,"red algae, algae",红藻、藻类,Extremely rich in iodine,碘含量极高。
item,10,3,,,L,,"seaweed, seaweed","海藻,海藻",Extremely rich in iodine,碘含量极高。
item,10,3,,,L,,seaweeds and seaweed derivatives,海藻和海藻衍生物,Extremely rich in iodine,碘含量极高。
item,10,3,,,L,,Wakame seaweed,瓦卡米海藻,Extremely rich in iodine,碘含量极高。
item,10,1,,A,,,white button mushroom,白色纽扣蘑菇,,
item,10,1,,,,,"yeast (fresh, dried, in all forms)",酵母（鲜酵母、干酵母及所有形式）,Well tolerated when produced under perfect hygienic conditions. Exceptions: baked goods with a long dough fermentation time may be intolerated. High content of glutamic acid (see glutamate).,在完全卫生的条件下生产时被完全耐受。 例外:面粉发酵时间长的烤货可能会被耐受。 高含量的谷氨酸(见谷氨酸)。
category,10,,,,,,eete,用户,,
item,10,0,,,,,"agave nectar, agave syrup",龙舌兰糖浆,High fructose content,高纤维含量
item,10,1,,,,,artificial sweeteners,人工甜化剂,Sucralose is tolerated.,苏格拉索是耐受的。
item,10,0,,,,,"birch sugar, xylitol, xylite, E967",birch糖、xylitol、xylite、E967,,
item,10,0,,,,,caramel (browned sugar),焦糖(褐糖),,
item,10,0,,,,,dextrose,脱落,"Glucose syrup may contain a lot of fructose, pure glucose is free from fructose.",葡萄糖浆可能含有较多果糖；纯葡萄糖不含果糖。
item,10,0,,,,,"E420, sorbitol, glucitol","E420,轨道醇,葡萄醇",,
item,10,0,,,,,"E967, xylitol, xylite, birch sugar","E967, xylitol, xylite, birch 糖类",,
item,10,2,,,,,extract of malt,提取麦芽,,
item,10,0,,,,,fructose (fruit sugar),果糖(果糖),Too much will cause indigestion.,太多会导致消化不良
item,10,0,,,,,glucose,糖类,"Glucose syrup may contain a lot of fructose, pure glucose is free from fructose.",葡萄糖浆可能含有较多果糖；纯葡萄糖不含果糖。
item,10,0,,,,,honey,蜂蜜,To be debated. Uneven. Naturally contains benzoic acid.,"要辩论,不均匀,当然含有苯甲酸"
item,10,0,,,,,"inverted sugar syrup, invert sugar syrup",反向糖浆、反向糖浆,,
item,10,0,,,,,lactose (milk sugar),乳糖(牛奶糖),,
item,10,2,,,?,,liquorice root,酒类根,,
item,10,2,,,,,malt extract,麦芽提取器,,
item,10,0,,,,,"maltose, malt sugar (pure)","麦芽糖,麦芽糖(纯)",,
item,10,0,,,,,maple syrup,枫糖浆,,
item,10,?,,,?,,palm sugar,棕榈糖,,
item,10,0,,,,,"sorbitol, glucitol, E420",轨醇、葡萄醇、E420,,
item,10,0,,,,,"stevia (stevia leaves, liquid, powder)",斯特维亚(斯泰维亚叶子、液体、粉末),,
item,10,0,,,,,sucrose,寿司,"Nevertheless, should be used sparingly, not as a main nutrient.",仍应少量使用，不应作为主要营养来源。
item,10,0,,,,,"sugar (beet sugar, cane sugar)",糖（甜菜糖、蔗糖）,"Nevertheless, should be used sparingly, not as a main nutrient.",仍应少量使用，不应作为主要营养来源。
item,10,0,,,,,"xylitol, xylite, birch sugar, E967",xylitol、xylite、birch糖、E967,,
category,10,,,,,,"ices,","冰块,",,
item,10,?,,,,,"anise, aniseed","动静,动静",,
item,10,?,,,,,"bay laurel, laurel","湾式升降机,升降机","Small amounts are well tolerated, for larger quantities lack of experience.",少量通常耐受；较大量摄入缺乏经验。
item,10,0,,,,,black caraway (Nigella sativa),黑色车厢(尼吉拉·萨蒂瓦),antiallergic,抗过敏
item,10,2,,,,,bouillon (because of yeast extract / meat extract / glutamate),bouillon(因为酵母提取物/肉提取物/脂肪),"Almost always with incompatible ingredients (glutamate, yeast extract, spice/aroma/flavour/seasoning/condiment/wort (in the meaning of protein hydrolysates), meat extracts, incompatible vegetables)",几乎总是含有不兼容的成分(甘氨酸、酵母提取物、香料/阿罗马/香味/季节/凝固/腐烂(蛋白水解物、肉类提取物、不兼容蔬菜))
item,10,0,,,,,caraway (Carum carvi),卡拉韦(Carum carvi),Positive effect: good for heavy meals. Caution: Not to be confused with cumin (intolerated)!,正面作用：适合搭配油腻/难消化餐食。注意：不要与孜然（不耐受）混淆！
item,10,0,,,,,cardamom,卡萨莫姆语Name,À utiliser avec parcimonie! Des différentes éspèces et variétés sont appelées cardamome et sont utilisés comme épice. Difficile de savoir si tous sont également toléré.,使用avec parcimonie! 使用afférentes espèces et variétés sont appelées carmame et sont us savoir si tous segalement àléré。 使用afficile de savoir si tous sont également toléré。
item,10,0,,,?,,cilantro,绿色,Only small amounts are well tolerated.,仅少量通常耐受。
item,10,0,,,,,cinnamon,肉桂,,
item,10,0,,,,,cloves,丁香,"Small amounts are well tolerated, for larger quantities lack of experience.",少量通常耐受；较大量摄入缺乏经验。
item,10,0,,,?,,coriander,香菜籽/芫荽,Only small amounts are well tolerated.,仅少量通常耐受。
item,10,2,,,L,,cumin (Cuminum cyminum),孜然,,
item,10,2,,,L,,cummin,积分,,
item,10,2,,,,,curry,咖哩,,
item,10,0,?,,,,distilled white vinegar,蒸馏白醋,"Low histamine, but not free from histamine. Use sparingly. Check for intolerated additives.",组胺含量低，但并非完全不含组胺。请少量使用，并检查是否含有不耐受的添加剂。
item,10,0,,,,,fennel flower (Nigella sativa),芬内尔花(Nigella sativa),antiallergic,抗过敏
item,10,1,,,,,ginger,姜,Small amounts are well tolerated.,少量通常耐受。
item,10,2,,,L,,Jeera,洁拉,,
item,10,0,,,,,juniper berries,朱尼伯浆果,,
item,11,?,,,,,"laurel, bay laurel, sweet bay, bay tree, true laurel, Grecian laurel",葡萄酒 葡萄酒 葡萄酒 葡萄酒 葡萄酒,"Small amounts are well tolerated, for larger quantities lack of experience.",少量通常耐受；较大量摄入缺乏经验。
item,11,2,?,?,?,,meat extract,肉类提取物,,
item,11,0,,,,,meridian fennel (Carum carvi),红外线(Carum carvi),Positive effect: good for heavy meals. Caution: Not to be confused with cumin (intolerated)!,正面作用：适合搭配油腻/难消化餐食。注意：不要与孜然（不耐受）混淆！
item,11,2,,,L,,"mustard, mustard seeds, mustardseed powder",芥末 芥末种子 芥末,Seeds of the mustard plant and products thereof,芥子植物及其制品的种子
item,11,0,,,,,Nigella sativa seed,奈杰拉·萨蒂瓦种子,antiallergic,抗过敏
item,11,1,,,,,nutmeg,坚果,Small amounts are well tolerated.,少量通常耐受。
item,11,0,,,,,nutmeg flower (Nigella sativa),坚果花(Nigella sativa),antiallergic,抗过敏
item,11,2,,,,,"paprika, hot","辣椒,热辣",Irritating the intestine,刺激肠道
item,11,0,,,,,"paprika, sweet","辣椒,甜点",,
item,11,2,,,,,"pepper, black",黑辣椒 红辣椒,Small amounts are tolerated.,少量可耐受。
item,11,2,,,,,"pepper, white","白胡椒,白胡椒,红胡椒",Small amounts are tolerated.,少量可耐受。
item,11,0,,,,,Persian cumin (Carum carvi),波斯库明( Carum carvi),Positive effect: good for heavy meals. Caution: Not to be confused with cumin (intolerated)!,正面作用：适合搭配油腻/难消化餐食。注意：不要与孜然（不耐受）混淆！
item,11,1,,,,,poppy seeds,罂粟种子,Small amounts are well tolerated.,少量通常耐受。
item,11,3,H,?,,,red wine vinegar,红酒醋,,
item,11,0,,,,,Roman coriander (Nigella sativa),罗马科里安德(尼吉拉·萨蒂瓦),antiallergic,抗过敏
item,11,2,,,,,seasoning made of hydrolysated proteins,由水解蛋白质制成,"Derived from vegetal protein hydrolysate, aroma reminiscent of meat broth. Contains glutamate, histamine and other amines.","来源于植物蛋白水解,芳香可让人回想起肉汤,含有谷氨酸,二聚氰胺和其他胺类物质."
item,11,3,,,,,soy sauce,酱油,,
item,11,0,?,,,,spirit vinegar,灵醋,"Low histamine, but not free from histamine. Use sparingly. Check for intolerated additives.",组胺含量低，但并非完全不含组胺。请少量使用，并检查是否含有不耐受的添加剂。
item,11,?,,,,,"star anise, star anise seed, Chinese star anise, badiam",恒星麻醉剂 恒星麻醉剂种子 中国恒星麻醉剂 Badiam,,
item,11,0,,,,,"thyme, common thyme, German thyme, garden thyme, (Thymus vulgaris)",胸腺 普通胸腺 德国胸腺 花园胸腺,,
item,11,0,,,,,turmeric (Curcuma longa),tur(Curcuma longa),,
item,11,1,?,,?,,vanilla extract,香草提取物,"From fermented fruits, alcoholic.","从发酵的水果,酒鬼。"
item,11,1,?,,?,,"vanilla, vanilla pod, vanilla powder, vanilla sugar",香草、香草、香草粉、香草糖,Tolerated in small quantities. Fermentation! Possibly traces of sulfite? (See also additives > vanillin),少量耐受。发酵! 可能有硫化物的痕迹吗? (另见添加剂 > vanillin)
item,11,1,H,?,,,vinegar: apple vinegar,醋:苹果醋,Check for additives.,检查添加剂。
item,11,3,H,?,,,vinegar: balsamic vinegar,醋:防腐醋,,
item,11,0,?,,,,"vinegar: spirit vinegar, distilled white vinegar","醋:精神醋,蒸馏白醋","Low histamine, but not free from histamine. Use sparingly. Check for intolerated additives.",组胺含量低，但并非完全不含组胺。请少量使用，并检查是否含有不耐受的添加剂。
item,11,0,?,,,,"white vinegar, spirit vinegar","白醋,灵醋","Low histamine, but not free from histamine. Use sparingly. Check for intolerated additives.",组胺含量低，但并非完全不含组胺。请少量使用，并检查是否含有不耐受的添加剂。
item,11,3,H,?,,,white wine vinegar,白葡萄酒醋 红葡萄酒,,
item,11,2,,,L,,yeast extract,酵母提取物,Chemical conversion to glutamate.,化学转化成谷氨酸.
category,11,,,,,,verag Water,乌鸦水,,
item,11,1,,,?,,"healing spring water with lots of sulfur, fluorine, iodine, and carbonic acid",用大量的硫、氟、碘和碳酸来治愈泉水,,
item,11,0,,,,,"mineral water, still","矿泉水,仍然",,
item,11,0,,,,,tap water,饮用水,,
category,11,,,,,,Alcoh,阿尔科,,
item,11,3,,,L,B,"alcohol, pure (ethanol)",纯酒精(乙醇),,
item,11,3,H,A,L,B,alcoholic beverages,酒精饮料,,
item,11,2,H,A,L,B,beer,啤酒,,
item,11,2,H,A,L,B,brandy,白兰地,,
item,11,3,H,A,L,B,champagne,香槟,,
item,11,3,,,L,B,ethanol,乙醇,,
item,11,2,?,?,L,B,"liquor, clear (colourless)","酒,清(无色)",,
item,11,3,H,A,L,B,"liquor, schnapps, spirits, cloudy (not colourless)","酒, s,灵,云(非无色).",,
item,11,2,H,A,L,B,rum,朗姆酒,,
item,11,2,?,?,L,B,"schnapps, clear (colourless)","schnapps, clear (无色) (无色)",,
item,11,3,H,A,L,B,sparkling wine,闪亮的酒,,
item,11,2,?,?,L,B,"spirits, clear (colourless)","灵,清(无色)",,
item,11,3,H,A,L,B,wine,红酒,,
item,11,1,,?,L,B,"wine, histamine free (<0.1 mg/l)","葡萄酒,无四胺(<0.1毫克/升)","Still contains alcohol and sulfite, like any wine. For cooking, it is well tolerated after the alcohol has evaporated.","仍然含有酒精和硫酸盐,就像任何葡萄酒一样,在烹饪时,酒精蒸发后是完全耐受的."
item,11,3,H,A,L,B,wine: red wine,红葡萄酒,,
item,11,2,H,A,L,B,wine: Schilcherwein,红酒:Schilcherwein,,
item,11,2,H,A,L,B,wine: white wine,白葡萄酒,,
category,11,,,,,,"Tea, h","茶叶,h",,
item,11,0,,,,,chamomile tea,香槟茶,,
item,11,1,,,,B,green tea,绿茶,,
item,11,1,,,?,,herbal teas with medicinal herbs (especially complex mixtures with numerous ingredients),药用草药茶(特别是含有多种成分的复杂混合物),Incompatible ingredient not yet identified,尚未查明的不兼容成分
item,12,0,,,,,"lime blossom tea, limeflower, flowers of large-leaved limetree (Tilia platyphyllos)","石灰花茶,石灰花,大叶石灰树(Tilia platyphyllos)的花朵.",,
item,12,1,,,,B,mate tea (llex paraguariensis),交配茶(苦艾酒),,
item,12,0,,,,,peppermint tea,薄荷茶 薄荷茶,,
item,12,0,,,,,rooibos tea,鲁伊波斯茶,Caution: Check the list of ingredients. Tea blends (mixtures) of Rooibos & incompatible ingredients (e.g. orange zest) are often sold as “Rooibos” as well.,注意: 请检查配料清单 : Rooibos和不兼容配料(如橙色 )的茶混合(混合)也经常作为“Rooibos”出售。
item,12,0,,,,,sage tea,贤茶,,
item,12,1,H,?,?,,stinging nettle herbal tea (Urtica dioica),刺网草茶(Urtica dioica),,
item,12,2,H,,,B,"tea, black tea","茶叶,黑茶",,
item,12,0,,,,,verbena herbal tea,马鞭草茶,Has a calming effect on intestine and nervous system.,对肠和神经系统有镇定作用.
category,12,,,,,,Juice,汁点,,
item,12,0,,,,,cranberry nectar,红莓花蜜,,
item,12,2,,,L,,orange juice,橙汁( 橙汁 ),,
category,12,,,,,,Veget,植物,,
item,12,2,,,L,,tomato juice,蕃茄汁,,
category,12,,,,,,Drink,喝点,,
item,12,1,,,,,Coca-Cola,可口可乐,See also caffeine and carbonated,另见咖啡因和碳酸饮品。
item,12,1,,,,,coffee,咖啡,"Caffeine stimulates nerves and bowel, which may be mast cell activating.","咖啡因刺激神经和大肠,这可能是乳房细胞激活."
item,12,1,,,,,Coke,可乐,See also caffeine and carbonated,另见咖啡因和碳酸饮品。
item,12,1,,,,,Cola-drinks,科拉饮料,See also caffeine and carbonated,另见咖啡因和碳酸饮品。
item,12,2,,,?,B,energy drinks,能源饮料,Theobromine inhibits the DAO enzyme.,热溴能抑制DAO酶.
item,12,1,,,,,espresso,浓咖啡,"Better tolerated than coffee, but caffeine still stimulates nerves and bowel, which may be mast cell activating.","比咖啡更能耐受,但咖啡因仍然能刺激神经和肠胃,这可能是乳房细胞激活."
category,12,,,,,,Milk s,牛奶 s,,
item,12,1,,,,,"oat drink, oat milk","燕麦饮料,燕麦牛奶",Often slightly histamine containing as fermented enzymatically.,因酶促发酵，通常含有少量组胺。
item,12,1,,,,,"rice milk, rice drink","米奶,米饮",Often slightly histamine containing as fermented enzymatically.,因酶促发酵，通常含有少量组胺。
item,12,2,,,,,"soy milk, soy drink",豆奶、豆饮,,
category,12,,,,,,Soft d,软 d,,
item,12,2,,,,,chocolate drinks,巧克力饮料,,
item,12,2,,,,,cocoa drinks,可可饮料,,
item,12,0,,,,,elderflower cordial,长花热情,,
item,12,2,,,,,hot chocolate,热巧克力,,
item,12,1,,,,,lemonade,柠檬水,Depending on the ingredients,取决于具体成分。
item,12,2,,,,,Ovaltine,欧华汀,,
item,12,1,,,,,soda,苏打水,Depending on the ingredients,取决于具体成分。
item,12,1,,,,,soft drinks,软饮料,Depending on the ingredients,取决于具体成分。
category,12,,,,,,od ad,日记,,
item,12,2,,,L,,"2-hydroxybiphenyl, E231","2-羟基联苯,E231",,
item,12,1,,,L,,"acacia gum, gum arabic, E414",阿拉伯口香糖、阿拉伯口香糖、E414,,
item,12,0,,,,,"acetate of lime, calcium acetate, E262","乙酸石灰、乙酸钙,E262",,
item,12,0,,,,,"acetic acid, E260","乙酸,E260",,
item,12,2,,,L,,"Acid Red 14, E122","酸红14,E122",,
item,12,1,,,?,,"agar, agar-agar, E406","阿加尔,阿加尔,E406",,
item,12,2,,,L,,"alginic acid, algin, alginate, E400",亚基酸、亚基、亚基酸、亚基酸、E400,,
item,12,2,,,L,,"Allura Red, Food Red 17, C.I. 16035, FD&C Red 40, E129, 2- Naphthalenesulfonic acid","Allura Red,食品Red 17,C.I. 16035,FD&C Red 40,E129,2-邻苯磺酸",,
item,12,0,,,,,"alpha-tocopherol, vitamin E, E307","α-环丙醇,维生素E,E307",,
item,12,?,,,,,"aluminium, aluminum, E173",铝、铝、E173,,
item,12,2,,,L,,"amaranth, E123",阿马兰特 E123,"This refers to the azo dye amaranth, an artificial food coloring. Not to be confused with the pseudo grain amaranth from the plant genus Amaranthus.",此处指偶氮染料苋菜红（一种人工食用色素），不要与苋属植物的伪谷物苋米混淆。
item,12,0,,,,,"ammonia caramel, E150c","氨焦糖,E150c",Possibly not as good tolerated as E150?,可能不如 E150 耐受？
item,12,2,,,L,,"ammonium alginate, E403","铝化铵,E403",,
item,12,0,,,,,"ammonium carbonate, baker's ammonia, E503","碳酸铵,面包师的氨,E503",,
item,12,1,,,?,,"ammonium citrate, triammonium citrate, E380","柠檬酸铵、柠檬酸三铵,E380",,
item,12,2,,,L,,"annatto, bixin, norbixin, E160b","阿纳托, 白霉素, 无霉素, E160b",,
item,12,?,,,,,"apocarotenal, E160e","远地点, E160e",,
item,12,0,,,,B,"ascorbic acid, E300","亚硫酸,E300","Lowers histamine levels, but is also a weak DAO inhibitor. Good for those with MCAS, bad for those with HIT?",可降低组胺水平，但也是弱 DAO 抑制剂。对 MCAS 患者可能有益，对 HIT 患者可能不利？
item,12,0,,,,,"ascorbyl palmitate, E304","棕榈油,E304",,
item,12,2,,,L,,"Azorubin S, E12, Brillantcarmoisin O, E122","阿佐鲁宾 S, E12, Brillantcarmoisin O, E122",,
item,12,2,,,L,,"azorubine, E122","阿祖鲁宾, E122",,
item,12,0,,,,,"baking soda, bicarbonate of soda, sodium hydrogen carbonate, sodium bicarbonate",烘制苏打水、双碳酸钠、碳酸氢钠、双碳酸钠,,
item,12,0,,,,,"beeswax, E901","蜂蜡, E901",,
item,12,2,,,L,,"benzoates, E210-213","苯甲酸盐,E210-213",,
item,13,2,,,L,,"benzoic acid, E210","苯甲酸,E210",,
item,13,0,,,,,"betanin, Beetroot Red, E162","βnin,比特罗特红,E162",,
item,13,2,,,L,,"bixin, norbixin, E160b","bixin, Norbixin, E160b 维基月球在线解说- 维基月球在线解说- 维基月球在线解说- 维基月球在线解说- 维基月球在线解说- 维基月球在线解说- 维基月球在线解说- 维基月球在线解说- 维基月球在线解说- 维基月球在线解说- 维基月球在线解说- 维基月球在线解说- 维基月球在线解说- 维基月球在线解说- 维基月球在线解说- 维基月球在线解说- 维基月球在线解说- 维基月球在线解说- 维度",,
item,13,?,,,,,"borax, sodium borate, sodium tetraborate, disodium tetraborate, E285",硼、硼酸钠、四硼酸钠、四硼酸二钠、E285,,
item,13,?,,,,,"boric acid, E284","硼酸,E284",,
item,13,3,,,L,,"Brilliant Black BN, Brilliant Black PN, Brilliant Black A, Black PN, Food Black 1, Naphthol Black, E151, C.I. Food Black 1, C.I. 28440","辉煌的黑色BN,辉煌的黑色PN,辉煌的黑色A,黑色PN,食物黑 1,纳菲特霍尔·布莱克,E151,CI食品黑 1,CI28440",,
item,13,?,,,?,,"Brilliant Blue FCF, E133, FD&C Blue No.1, Acid Blue 9, D&C Blue No. 4, Alzen Food Blue No. 1, Atracid Blue FG, Erioglaucine, Eriosky blue, Patent Blue AR, Xylene Blue VSG, C.I. 42090","辉煌蓝FCF, E133, FD&C Blue No.1, Acid Blue 9, D&C Blue No. 4, Alzen Food Blue No. 1, Atracid Blue FG, Erioglaucine, Eriosky Blue, Patent Blue AR, Xylene Blue VSG, C.I. 42090 (英语).",,
item,13,2,,,L,,"Brown FK, Kipper Brown, Chocolate Brown FK, E154, C.I. Food Brown 1","Brown FK, Kipper Brown,巧克力 Brown FK, E154, C.I.食品 Brown 1",,
item,13,2,,,L,,"Brown HT, Chocolate Brown HT, Food Brown 3, E155, C.I. 20285","Brown HT,巧克力 Brown HT,食品 Brown 3, E155, C.I. 20285",,
item,13,2,,,L,,"butylated hydroxyanisole, E320","丁酰氢x,E320",,
item,13,2,,,L,,"butylated hydroxytoluene, BHT, dibutylhydroxytoluene, E321","丁基羟基olu,BHT,二丁基羟基t,E321",,
item,13,2,,,L,,"C.I. 14720, E122","C.I. 14720,E122",,
item,13,2,,,L,,"C.I. 16255, E124","C.I. 16255, E124",,
item,13,3,,,L,,"C.I. 47005, E104","C.I. 47005, E104 (英语).",,
item,13,2,,,L,,"C.I. Acid Red 18, E124","C.I.酸红18,E124",,
item,13,0,,,,,"calcium acetate, acetate of lime, calcium ethanoate, calcium diacetate, E262","乙酸钙,石灰的乙酸盐,乙酸钙,二乙酸钙,E262",,
item,13,2,,,L,,"calcium alginate, E404","钙酸盐,E404",,
item,13,0,,,,,"calcium ascorbate, calcium diascorbate",半衰期钙、二氧化钙,,
item,13,2,,,L,,"calcium benzoate, E213","苯甲酸钙,E213",,
item,13,2,,,L,,"calcium bisulfite, E227","二硫酸钙,E227",,
item,13,0,,,,,"calcium carbonate, limestone, E170","碳酸钙,石灰岩,E170",,
item,13,1,,,?,,"calcium citrate, E333","柠檬酸钙,E333",Often well tolerated.,通常耐受良好。
item,13,2,,,L,,"calcium diglutamate, E623","氧化钙,E623",,
item,13,0,,,,,"calcium lactate, E327","乳酸钙,E327",,
item,13,0,,,,,calcium L-ascorbate,L-螺旋酸钙,,
item,13,0,,,,,calcium L-ascorbate,L-螺旋酸钙,,
item,13,2,,,?,,"calcium polyphosphate, E452","聚磷酸钙,E452",,
item,13,?,,,,,"calcium propanoate, calcium propionate, E282","丙酸钙,丙酸钙,E282",,
item,13,2,,,L,,"calcium sorbate, E203","硫酸钙,E203",,
item,13,2,,,L,,"calcium sulfite, E226","硫酸钙,E226",,
item,13,?,,,,,"canthaxanthin, cantaxanthin, cantaxanthine, canthaxanthine, E161g","(生食内容存档于2019-03-29). cantaxanthin, cantaxanthin, cantaxanthine, E161g.",,
item,13,0,,,,,"caramel color, caramel coloring, E150","焦糖色,焦糖色,E150",,
item,13,1,,,L,,"carbonated drinks, carbonic acid",碳酸饮料,Only short time effects. Symptoms quickly disappear,作用时间短；症状会很快消失。
item,13,?,,,,,"carboxymethyl cellulose, CMC, carboxymethylcellulose, carmellose, cellulose gum, E466",碳氧甲基纤维素、CMC、碳氧甲基纤维素、Carmellose、纤维素口香糖、E466,,
item,13,2,,,L,,"carmine, E120","卡明,E120",,
item,13,2,,,L,,"carmoisine, E122, Food Red 3, E122",红3、E122,,
item,13,2,,?,?,,"carob, carob powder, carob pod meal",卡罗布、卡罗布粉、卡罗布餐,"Carob ist the dried (and sometimes roasted) pod, and not the seeds.","卡罗布是干燥的(有时是烤熟的)豆,而不是种子."
item,13,2,,,L,,"carobin, carob gum, carob bean gum, E410","卡罗宾,卡罗宾口香糖,卡罗宾豆口香糖,E410","Thickening agent and gelling agent, extracted from the seeds of the carob tree.",增稠剂和凝胶剂，提取自角豆树种子。
item,13,0,,,L,,"carotene, beta-carotene, β-carotene, E160a",焦耳烯、β-焦耳烯、E160a,,
item,13,2,,,L,,"carrageenan, processed seaweed, E407, E407a","加工海藻的卡拉吉南,E407,E407a",,
item,13,0,,,,,"caustic caramel, E150a","恶性焦糖,E150a",,
item,13,0,,,,,"caustic sulphite caramel, E150b","硫酸焦糖,E150b",Possibly not as good tolerated as E150?,可能不如 E150 耐受？
item,13,0,,,,,"cellulose ethyl ether, ethyl cellulose, ethylcellulose, E462",纤维素 乙基醚 乙基纤维素 乙基纤维素 E462,,
item,13,0,,,,,"cellulose methyl ether, methyl cellulose, methylcellulose, methylated cellulose, E461","纤维素甲基醚,甲基纤维素,甲基纤维素,甲基纤维素,E461",May produce laxative effects in large quantities.,大量摄入可能产生通便作用。
item,13,0,,,,,"cellulose, E460","纤维素,E460",,
item,13,0,,,,,"charcoal, E153",E153木炭,,
item,13,0,,,,,"chlorophyll, E140","叶绿素,E140",,
item,13,1,,,,,"citric acid, E330","柠檬酸,E330","To be debated. Made from mold, not from lemons.",仍有争议。由霉菌制成，并非来自柠檬。
item,13,2,,,L,,"cochineal red A, E124","大肠红A,E124",,
item,13,2,,,L,,"cochineal, E120","猪笼草,E120",,
item,13,0,,,,,"copper complexes of chlorophylls and chlorophyllins, E141","叶绿素和叶绿素的铜化合物,E141",,
item,13,0,,,,,"cream of tartar, E336","奶油塔,E336",,
item,14,2,,,L,,"crimson lake, E120","克里姆森湖,E120",,
item,14,1,,,L,,"crystal gum, gum karaya, karaya gum, E416",水晶口香糖 卡拉雅口香糖 卡拉雅口香糖 E416,,
item,14,0,,,,,"curcumin, E100","curcumin, E100 (中文(简体) ).",,
item,14,0,,,,,"delta-tocopherol, vitamin E, E309","脱硫磷,维生素E,E309",,
item,14,1,,,?,,"dicalcium phosphate, dicalcium hydrogen orthophosphate, E340","磷酸ical,氢正磷酸ium,E340",,
item,14,?,,,,,"dimethicone, dimethylpolysiloxane, polydimethylsiloxane, PDMS, E900","二甲基聚硅氧烷,聚二甲基硅氧烷,PDMS,E900",,
item,14,?,,,,,"dimethyl dicarbonate, DMDC, methoxycarbonyl methyl carbonate, dimethyl pyrocarbonate, Velcorin, E242",二甲基二碳酸酯、DMDC、甲氧碳酰甲基碳酸酯、二甲基丙烯酸酯、Velcorin、E242,,
item,14,1,,,?,,"dipotassium phosphate, dipotassium hydrogen orthophosphate, E340","磷酸二钾,氢正磷酸二钾,E340",,
item,14,0,,,,,"D-isoascorbate, sodium erythorbate, erythorbic acid sodium salt, E316, erythorbic acid sodium salt, sodium erythorbate, D-isoascorbate, E316","D-异辛酸盐,红th酸钠,红th酸钠盐,E316,红th酸钠盐,红th酸钠,D-异辛酸钠,E316",,
item,14,0,,,,,"E100, curcumin","E100,曲霉素",,
item,14,1,,,L,,"E101a, riboflavin-5′-phosphate","E101a, riboflavin-5 '-磷酸盐",,
item,14,3,,,L,,"E102, tartrazine","E102,柏拉锡",,
item,14,3,,,L,,"E104, quinoline yellow","E104, qui黄色",,
item,14,3,,,L,,"E110, sunset yellow FCF","E110, 日落黄色FCF",,
item,14,0,,,,,"E1103, invertase, saccharase, glucosucrase, beta-h- fructosidase, beta-fructosidase, invertin, sucrase","E1103, 反转酶, saccharase, glucosucrase, β-h- fructosidase, β-fructosidase, 反转酶, subrase",,
item,14,?,,,,,"E1105, lysozymes",E1105 淋巴,,
item,14,2,,,L,,"E120, carmine, cochineal","E120, 碳化物, 杂交",,
item,14,?,,,,,"E1200, polydextrose","E1200, 多边形",May produce laxative effects in large quantities.,大量摄入可能产生通便作用。
item,14,1,,,?,,"E1201, polyvinylpyrrolidone, PVP, polyvidone, povidone","E1201, 聚乙烯丙烯酮, PVP, 聚维酮, 波维酮",,
item,14,1,,,?,,"E1202, polyvinylpolypyrrolidone","E1202, 聚氯乙烯",,
item,14,2,,,L,,"E122, azorubine, carmoisine","E122,阿祖鲁宾,卡莫辛",,
item,14,2,,,L,,"E123, amaranth","E123, 马兰特","This refers to the azo dye amaranth, an artificial food coloring. Not to be confused with the pseudo grain amaranth from the plant genus Amaranthus.",此处指偶氮染料苋菜红（一种人工食用色素），不要与苋属植物的伪谷物苋米混淆。
item,14,2,,,L,,"E124, ponceau 4R, cochineal red A","E124, ponceau 4R, cochineal 红色 A",,
item,14,3,,,L,?,"E127, erythrosine","E127,红霉素",,
item,14,2,,,L,,"E129, Allura Red, Food Red 17, C.I. 16035, FD&C Red 40, 2- Naphthalenesulfonic acid","E129, Allura Red, Food Red 17, C.I. 16035, FD&C Red 40, 2-邻苯磺酸",,
item,14,2,,,L,,"E131, Patent blue V","E131,专利蓝V",,
item,14,2,,,L,,"E132, indigo carmine, indigotine","E132, indigo Carmine, 内燃机车",,
item,14,?,,,?,,"E133, Brilliant Blue FCF, FD&C Blue No.1, Acid Blue 9, D&C Blue No. 4, Alzen Food Blue No. 1, Atracid Blue FG, Erioglaucine, Eriosky blue, Patent Blue AR, Xylene Blue VSG, C.I. 42090","E133,辉煌蓝FCF,FD&C蓝号1,酸蓝9,D&C蓝号4,Alzen食品蓝号1,Atracid Blue FG,Erioglaucine,Eriossky蓝号,专利蓝AR, 蓝VSG,C.I. 42090 (英语).",,
item,14,0,,,,,"E140, chlorophyll","E140,叶绿素",,
item,14,0,,,,,"E141, copper complexes of chlorophylls and chlorophyllins","E141,叶绿素和叶绿素的铜复合物",,
item,14,?,,,?,,"E142, Green S, Food Green S, FD&C Green 4, Acid green 50, Lissamine Green B, Wool Green S, C.I. 44090","E142,绿色S,食品绿色S,FD&C Green 4,酸绿色50,利沙明绿色B,伍尔绿色S,C.I.44090",,
item,14,0,,,,,"E150, plain caramel, caustic caramel, caramel coloring",E150 普通焦糖、焦糖、焦糖色,,
item,14,0,,,,,"E150b, sulphite-caramel","E150b,硫化焦糖",Possibly not as good tolerated as E150?,可能不如 E150 耐受？
item,14,0,,,,,"E150c, ammonia caramel","E150c,氨焦糖",Possibly not as good tolerated as E150?,可能不如 E150 耐受？
item,14,0,,,,,"E150d, sulphite ammonia caramel","E150d,硫酸氨焦糖",Possibly not as good tolerated as E150?,可能不如 E150 耐受？
item,14,3,,,L,,"E151, Brilliant Black BN, Brilliant Black PN, Brilliant Black A, Black PN, Food Black 1, Naphthol Black, C.I. Food Black 1, C.I. 28440","E151,辉煌的黑色BN,辉煌的黑色PN,辉煌的黑色A,辉煌的黑色PN,美食黑1,纳菲特霍尔黑,美食黑1,美食黑28440",,
item,14,0,,,,,"E153, charcoal","E153,木炭",,
item,14,2,,,L,,"E154, Brown FK, Kipper Brown, Chocolate Brown FK, C.I. Food Brown 1","E154, Brown FK, Kipper Brown, 巧克力 Brown FK, C.I. 食品 Brown 1",,
item,14,2,,,L,,"E155, Brown HT, Chocolate Brown HT, Food Brown 3, C.I. 20285","E155,布朗HT,巧克力布朗HT,食品布朗3,C.I. 20285",,
item,14,0,,,L,,"E160a, carotene, beta-carotene, β-carotene","E160a,焦耳烯,β-焦耳烯,β-焦耳烯",,
item,14,2,,,L,,"E160b, bixin, norbixin, annatto","E160b, bixin, Norbixin, annatto (英语).",,
item,14,?,,,,,"E160d, lycopene","E160d,淋巴",,
item,14,?,,,,,"E160e, apocarotenal , C.I. Food Orange 6","E160e,阿帕罗特纳,C.I.食品橙色 6",,
item,14,?,,,,,"E160f, Food orange 7","E160f, 食物橙色7",,
item,14,?,,,,,"E161b, lutein, luteine","E161b, lu, lu",,
item,15,?,,,,,"E161g, canthaxanthin, cantaxanthin, cantaxanthine, canthaxanthine, Lucantin red (BASF), Lucantin Red CWD (BASF), Carophyll Red (DSM), Roxanthin Red 10 (Adisseo), L- Orange 7g, C.I. Food Orange 8","E161g),可口香糖,可口香糖,可口香糖,可口香糖,Lucantin红(BASF),Lucantin红(BASF),Carophyll红(DSM),Roxanthin红10(Adisseo),L-橙色7g,C.I. 橙色食品 8",,
item,15,0,,,,,"E162, betanin, Beetroot Red","E162, β宁, 比特罗特红",,
item,15,0,,,,,"E163, anthocyanins, anthocyans","E163,炭疽,炭疽",,
item,15,0,,,,,"E170, calcium carbonate, limestone, calcite, aragonite, chalk","E170,碳酸钙,石灰岩,钙,阿拉贡岩,粉笔",,
item,15,0,,,?,,"E171, titanium dioxide, titanium(IV) oxide, titania, oxide of titanium, titanium white, Pigment White 6 (PW6), C.I. 77891","E171,二氧化钛,氧化钛(IV),钛,氧化钛,钛白色,颜料白色6(PW6),C.I.77891",,
item,15,0,,,,,"E172, iron oxides","E172,氧化铁",,
item,15,?,,,,,"E173, aluminium, aluminum","E173,铝,铝",,
item,15,?,,,,,"E174, silver","E174,银",,
item,15,0,,,,,"E175, gold","E175,黄金",,
item,15,2,,,L,,"E180, Lithol Rubine BK, Pigment Rubine, Carmine 6B, Brilliant Carmine 6B, Permanent Rubin L6B, Litholrubine, Latolrubine, C.I. Pigment Red 57, C.I. Pigment Red 57:1, D&C Red No. 7, or C.I. 15850:1","E180, Lithol Rubine BK, Pigment Rubine, Carmine 6B, 辉煌的 Carmine 6B, 永久鲁宾 L6B, Litholrubine, Latolrubine, C. I. Pigment Red 57, C. I. Pigment Red 57:1, D&C Red No. 7,或C.I. 15850:1 (中文(简体) ).",,
item,15,2,,,L,,"E200, sorbic acid","E200,索尔比克酸",,
item,15,2,,,L,,"E202, potassium sorbate","E202,吸附酸钾",,
item,15,2,,,L,,"E203, calcium sorbate","E203, 硫酸钙",,
item,15,2,,,L,,"E210, benzoic acid","E210,苯甲酸",,
item,15,2,,,L,,"E210-213, benzoic acid and salts = benzoates","E210-213,苯甲酸和盐=苯甲酸",,
item,15,2,,,L,,"E211, sodium benzoate","E211,苯甲酸钠",,
item,15,2,,,L,,"E212, potassium benzoate","E212,苯甲酸钾",,
item,15,2,,,L,,"E213, calcium benzoate","E213, 苯甲酸钙",,
item,15,2,,,L,,"E214, E215, ethylparaben, ethyl para-hydroxybenzoate","E214, E215, 乙酸乙酯, 乙酸乙酯",,
item,15,2,,,L,,"E218, E219, methylparaben, methyl paraben","E218, E219, 甲基para, 甲基 para",,
item,15,2,,,L,,"E220 - E228, sulfites, sulphites","E220 - E228,硫化物,硫化物",,
item,15,2,,,L,,"E220, sulfur dioxide, sulphur dioxide","E220,二氧化硫,二氧化硫",,
item,15,2,,,L,,"E221, sodium sulfite, sodium sulphite","E221,硫酸钠,硫酸钠",,
item,15,2,,,L,,"E222, sodium hydrogen sulphite, sodium bisulphite","E222,硫酸氢钠,二硫酸钠",,
item,15,2,,,L,,"E223, sodium metabisulfite","E223, 甲硫磺酸钠",,
item,15,2,,,L,,"E224, potassium metabisulfite","E224, 甲硫磺酸钾",,
item,15,2,,,L,,"E225, potassium sulfite","E225,硫酸钾",,
item,15,2,,,L,,"E226, calcium sulfite","E226,硫酸钙",,
item,15,2,,,L,,"E227, calcium bisulfite","E227,二硫酸钙",,
item,15,2,,,L,,"E228, potassium hydrogen sulfite","E228,硫酸氢钾",,
item,15,2,,,L,,"E231, orthophenyl phenol","E231, 矫苯酚",,
item,15,2,,,,,"E232, sodium orthophenyl phenol","E232, 苯酚钠",,
item,15,?,,,,,"E234, nisin","E234,硝基苯",,
item,15,?,,,,,"E235, natamycin, pimaricin, natacyn","E235, Natamycin, 镇痛药, Natacyn",,
item,15,2,,,L,,"E239, hexamethylenetetramine, hexamine, methenamine, urotropine, 1,3,5,7- tetraazaadamantane, formin, aminoform","E239,六甲基乙烷、苯乙烯、甲基安非他明、露天松、1,3,5,7-四亚胺曼丹、福明、氨基",,
item,15,?,,,,,"E242, dimethyl dicarbonate, DMDC, methoxycarbonyl methyl carbonate, dimethyl pyrocarbonate, velcorin","E242, 二甲基二碳酸二酯, DMDC, 甲氧碳酰甲基碳酸二酯, 二甲基丙烯酸二酯, velcorin",,
item,15,?,,,,,"E249, potassium nitrite","E249,亚硝酸钾",,
item,15,0,,,,,"E250, sodium nitrite","E250,亚硝酸钠",,
item,15,?,,,,,"E251, sodium nitrate","E251,硝酸钠",,
item,15,?,,,,,"E252, potassium nitrate, saltpetre, nitrate of potash","E252, 硝酸钾, 盐粒, 硝酸钾",,
item,15,0,,,,,"E260, acetic acid","E260, 乙酸",,
item,15,0,,,,,"E261, potassium acetate","E261,乙酸钾",,
item,15,0,,,,,"E262, sodium acetate, sodium ethanoate","E262,乙酸钠,乙酸钠",,
item,15,0,,,,,"E263, calcium acetate, acetate of lime, calcium ethanoate, calcium diacetate","E263,乙酸钙,石灰的乙酸盐,乙酸钙,二乙酸钙",,
item,15,0,,,,,"E270, lactic acid, milk acid, 2-hydroxypropanoic acid","E270,乳酸,乳酸,2-羟基丙酸",,
item,15,?,,,,,"E280, propionic acid, propanoic acid","E280, 丙酸,丙酸",,
item,15,?,,,,,"E281, sodium propanoate, sodium propionate","E281,丙酸钠,丙酸钠",,
item,15,?,,,,,"E282, calcium propanoate, calcium propionate","E282,丙酸钙,丙酸钙",,
item,15,?,,,,,"E283, potassium propanoate, potassium propionate","E283,丙酸钾,丙酸钾",,
item,15,?,,,,,"E284, boric acid","E284,硼酸",,
item,15,?,,,,,"E285, borax, sodium borate, sodium tetraborate, disodium tetraborate","E285,硼酸盐,硼酸钠,四硼酸钠,四硼酸二钠",,
item,16,0,,,,,"E290, carbon dioxide, carbonic acid gas, carbonic anhydride, carbonic oxide, carbon oxide, carbon(IV) oxide","E290,二氧化碳,碳酸气体,碳酐,碳氧化物,碳氧化物,碳(IV)氧化物",Causes only short-time symptoms and only in big quantities (e.g. carbonated soft drinks and soda water).,"仅造成短期症状,且数量较大(如碳酸软饮料和苏打水)。"
item,16,0,,,,,"E296, malic acid, hydroxybutanedioic acid","E296,乳酸,羟丁二酸",,
item,16,?,,,,,"E297, fumaric acid, trans-butenedioic acid, allomaleic acid, boletic acid, donitic acid, lichenic acid","E297,富马力酸,转丁二酸,异丁酸,硼酸,丁酸,地衣酸",,
item,16,0,,,,B,"E300, ascorbic acid, vitamin C","E300,异丙酸,维生素C","Lowers histamine levels, but is also a weak DAO inhibitor. Good for those with MCAS, bad for those with HIT?",可降低组胺水平，但也是弱 DAO 抑制剂。对 MCAS 患者可能有益，对 HIT 患者可能不利？
item,16,0,,,,,"E301, sodium ascorbate, sodascorbate","E301, or酸钠, soda酸钠",,
item,16,0,,,,,"E302, calcium ascorbate, calcium diascorbate","E302, 碳酸钙, 碳酸钙",,
item,16,0,,,,,"E304, ascorbyl palmitate","E304,棕榈油",,
item,16,0,,,,,"E306, tocopherol, vitamin E","E306,托科弗罗醇,维生素E",,
item,16,0,,,,,"E307, alpha-tocopherol, α-tocopherol, vitamin E","E307,α-环丙醇,α-环丙醇,维生素E",,
item,16,0,,,,,"E308, gamma-tocopherol, γ-tocopherol, vitamin E","E308,γ-环丙醇,γ-环丙醇,维生素E",,
item,16,0,,,,,"E309, delta-tocopherol, vitamin E","E309,三聚磷酸酯,维生素E",,
item,16,2,,,L,,"E310, propyl gallate, propyl 3,4,5-trihydroxybenzoate, gallic acid propyl ester, n-propyl gallate","E310,丙基加热酸,丙基3,4,5-三羟基苯甲酸,胆酸丙基酯,正丙基加热酸",,
item,16,2,,,L,,"E311, octyl gallate","E311,八氯乙酸",,
item,16,2,,,L,,"E312, dodecyl gallate, lauryl gallate","E312,加热二甲酸二甲酯,加热lau",,
item,16,0,,,,,"E315, erythorbic acid, isoascorbic acid, D-araboascorbic acid","E315,红素酸,异丙烯酸,D-araboascorbic酸",,
item,16,0,,,,,"E316, sodium erythorbate, D-isoascorbate, erythorbic acid sodium salt","E316,红磷酸钠,D-异asco酸盐,红磷酸钠盐",,
item,16,?,,,,,"E319, tert-Butylhydroquinone, TBHQ","E319,叔丁基氢quin酮,TBHQ",,
item,16,2,,,L,,"E320, butylated hydroxyanisole","E320,丁二酸氢x",,
item,16,2,,,L,,"E321, butylated hydroxytoluene, BHT, dibutylhydroxytoluene","E321,丁基羟基甲苯,BHT,二丁基羟基甲苯",,
item,16,0,,,,,"E322, lecithins, lecithin","E322, 列克锡, 列克锡",Mostly soya lecithin,多为大豆卵磷脂。
item,16,0,,,,,"E325, sodium lactate","E325,乳酸钠",,
item,16,0,,,,,"E326, potassium lactate","E326,乳酸钾",,
item,16,0,,,,,"E327, calcium lactate","E327,乳酸钙",,
item,16,1,,,,,"E330, citric acid","E330,柠檬酸","To be debated. Made from mold, not from lemons.",仍有争议。由霉菌制成，并非来自柠檬。
item,16,1,,,?,,"E331, trisodium citrate, sodium citrate, citric acid trisodium salt","E331,柠檬酸 tri,柠檬酸 sodium盐",Often well tolerated.,通常耐受良好。
item,16,1,,,?,,"E332, potassium citrate, tripotassium citrate","E332,柑橘酸钾,柑橘酸三otassium",Often well tolerated.,通常耐受良好。
item,16,1,,,?,,"E333, calcium citrate, tricalcium dicitrate","E333,柠檬酸钙,三钙正丁酸盐",Often well tolerated.,通常耐受良好。
item,16,0,,,,,"E334, tartaric acid, 2,3-dihydroxybutanedioic acid, 2,3- dihydroxysuccinic acid, threaric acid, racemic acid, uvic acid, paratartaric acid","E334,柏油酸,2,3-二羟基丁二酸,2,3-二羟基苏奇酸, thr酸,种族酸,uvic酸,tar酸",,
item,16,0,,,,,"E335, sodium tartrate, sal tartar, disodium tartrate, bisodium tartrate, monosodium tartrate, sodium bitartrate","E335,柏酸钠,沙质柏酸盐,二碘柏酸盐,二碘柏酸盐,单碘柏酸盐,丁酸钠",See cream of tartar,参见酒石酸氢钾/塔塔粉。
item,16,0,,,,,"E336, cream of tartar, potassium bitartrate","E336,柏油,比塔酸钾",,
item,16,1,,,?,,"E340, calcium phosphates: monocalcium phosphate (KH2PO4, calcium dihydrogen phosphate), dicalcium phosphate (K2HPO4, dicalcium hydrogen orthophosphate, calcium phosphate dibasic), tricalcium phosphate (K3PO4)","E340,磷酸钙:磷酸单钙(KH2PO4,二氢磷酸钙),磷酸二钙(K2HPO4,氢正磷酸二钙,磷酸二钙),磷酸三钙(K3PO4).",,
item,16,1,,,?,,"E340, potassium phosphates: monopotassium phosphate (KH2PO4, potassium dihydrogen phosphate), dipotassium phosphate (K2HPO4, dipotassium hydrogen orthophosphate, potassium phosphate dibasic), tripotassium phosphate (K3PO4)","E340,磷酸钾:磷酸单钾(KH2PO4,磷酸二氢钾),磷酸二钾(K2HPO4,磷酸氢正磷酸二钾),磷酸三钾(K3PO4).",,
item,16,1,,,?,,"E380, ammonium citrate, triammonium citrate","E380,柠檬酸铵,柠檬酸三铵",,
item,16,2,,,L,,"E400, alginic acid, algin, alginate","E400,亚基酸,亚基,亚基酸",,
item,16,2,,,L,,"E401, sodium alginate","E401, 亚化钠",,
item,16,2,,,L,,"E402, potassium alginate","E402,挥发钾",,
item,16,2,,,L,,"E403, ammonium alginate","E403, 铝化铵",,
item,16,2,,,L,,"E404, calcium alginate","E404,钙酸盐",,
item,16,2,,,L,,"E405, propylene glycolic alginate","E405,丙烯甘油白化",,
item,16,1,,,?,,"E406, agar, agar-agar","E406,阿加尔,阿加尔",,
item,16,2,,,L,,"E407, E407a, carrageenan, processed seaweed","E407,E407a,卡拉吉南,加工海藻",,
item,16,2,,,L,,"E410, locust bean gum, LBG, carobin, carob bean gum",E410 蝗虫豆胶、LBG、Caobin、Caob豆胶,"Thickening agent and gelling agent, extracted from the seeds of the carob tree.",增稠剂和凝胶剂，提取自角豆树种子。
item,16,1,,,L,,"E412, guar gum, guaran",E412 瓜尔口香糖 瓜尔,,
item,16,2,,,L,,"E413, tragacanth",E413 轨迹,,
item,17,1,,,L,,"E414, gum arabic, acacia gum, chaar gund, char goond, meska","E414,阿拉伯口香糖,阿卡西亚口香糖,沙尔枪,Char Gond,Meska",,
item,17,0,,,,,"E415, xanthan gum","E415,Xanthan口香糖",,
item,17,1,,,L,,"E416, gum karaya, karaya gum, crystal gum",E416 卡拉亚口香糖 卡拉亚口香糖 水晶口香糖,,
item,17,0,,,,,"E421, mannitol, mannite, manna sugar","E421,芒硝醇,曼硝酸,甘露糖",,
item,17,0,,,,,"E422, glycerol, glycerine, glycerin, propanetriol, propane- 1,2,3-triol, 1,2,3-trihydroxypropane","E422,甘油,甘油,甘油,丙烷三醇,丙烷-1,2,3-三醇,1,2,3-三羟丙烷",,
item,17,0,,,,,"E440, pectin","E440, ec",,
item,17,1,?,,?,,"E441, gelatin","E441,胶原","Controversial, may also be tolerated.",存在争议，也可能可耐受。
item,17,2,,,?,,"E452, polyphosphates: sodium-, potassium-, calcium- and sodium-calcium-polyphosphate",E452 聚磷酸钠:钠、钾、钙和钠-钙-聚磷酸钠,,
item,17,0,,,,,"E460, cellulose","E460,纤维素",,
item,17,0,,,,,"E461, methyl cellulose, methylcellulose, cellulose methyl ether, methylated cellulose","E461,甲基纤维素,甲基纤维素,纤维素甲基醚,甲基纤维素",May produce laxative effects in large quantities.,大量摄入可能产生通便作用。
item,17,0,,,,,"E462, ethyl cellulose, ethylcellulose, cellulose ethyl ether, ethylated cellulose","E462,乙基纤维素,乙基纤维素,乙基纤维素,乙基纤维素",,
item,17,0,,,,,"E463, hydroxypropylcellulose","E463,羟丙基纤维素",,
item,17,0,,,,,"E464, hypromellose, hydroxypropyl methylcellulose, hydroxypropyl methyl cellulose, HPMC","E464,羟基丙基甲基纤维素,HPMC",,
item,17,0,,,,,"E465, ethyl methyl cellulose, methyl ethyl cellulose, ethyl methyl ether of cellulose",E465 乙基甲基纤维素 甲基乙基纤维素 纤维素乙基甲基醚,,
item,17,?,,,,,"E466, carboxymethyl cellulose, CMC, carboxymethylcellulose, carmellose, cellulose gum","E466, 碳氧甲基纤维素, CMC, 碳氧甲基纤维素, Carmellose, 纤维素口香糖",,
item,17,0,,,,,"E500i, sodium carbonate, washing soda, soda ash, soda crystals, Na2CO3","E500i,碳酸钠,洗苏打水,苏打灰,苏打水晶,Na2CO3",,
item,17,0,,,,,"E500ii, sodium hydrogen carbonate, sodium bicarbonate, baking soda, bicarbonate of soda, NaHCO3","E500ii,碳酸氢钠,双碳酸钠,烘焙苏打,苏打的双碳酸盐,NaHCO3",,
item,17,0,,,,,"E501, potassium carbonate, carbonate of potash, dipotassium carbonate, sub-carbonate of potash, Pearl ash, potash, salt of tartar, salt of wormwood","E501,碳酸钾,陶石的碳酸盐,碳酸二钾,陶石的亚碳酸盐,珍珠灰,陶石的盐,虫木的盐",,
item,17,0,,,,,"E503, ammonium carbonate, baker's ammonia, salt of hartshorn","E503,碳酸铵,面包师的氨,盐的哈茨霍恩",,
item,17,0,,,,,"E504, magnesium carbonate","E504,碳酸镁",,
item,17,0,,,,,"E507, hydrochloric acid","E507,盐酸",,
item,17,0,,,,,"E579, iron(II) gluconate, ferrous gluconate","E579,铁(II) 葡萄糖,有色葡萄糖",,
item,17,2,,,L,,"E620, glutamic acid, (glutamate, flavour enhancer)","E620, 过量酸, (甘氨酸, 香味增强剂)",,
item,17,2,,,L,,"E620-625, glutamates, glutamic acid and its salts","E620-625, 谷氨酸、谷氨酸及其盐类",,
item,17,2,,,L,,"E621, monosodium glutamate, glutamic acid monosodium salt","E621, 单碘谷氨酸, 单碘盐",,
item,17,2,,,L,,"E622, potassium glutamate, glutamic acid potassium salt","E622, 谷硫酸钾, 谷硫酸钾盐",,
item,17,2,,,L,,"E623, calcium diglutamate","E623,二氧化钙",,
item,17,2,,,L,,"E624, monoammonium glutamate, glutamic acid ammonium salt","E624, 单氨基谷氨酸, 谷氨酸盐",,
item,17,2,,,L,,"E625, magnesium diglutamate, glutamic acid magnesium salt","E625,二硫酸镁盐",,
item,17,0,,,,,"E626, guanosine monophosphate, 5'-guanidylic acid, guanylic acid","E626,甘氨酸单磷酸,5'-甘氨酸,甘氨酸",,
item,17,0,,,,,"E650, zinc acetate, dicarbomethoxyzinc, zinc diacetate","E650,乙酸锌,二碳甲氧基锌,二乙酸锌",,
item,17,?,,,,,"E900, polydimethylsiloxane, PDMS, dimethicone, dimethylpolysiloxane","E900, 聚二甲基硅氧烷, PDMS, metthicone, 二甲基聚硅氧烷",,
item,17,0,,,,,"E901, beeswax, bees wax, cera alba, cera flava","E901,蜜蜂蜡,蜜蜂蜡,cera alba,cera flava",,
item,17,0,,,,,"E955, sucralose","E955,苏拉乐",,
item,17,0,,,,,"E960, steviol glycosides","E960, 斯泰维奥尔胶囊",,
item,17,3,,,L,?,"erythrosine, E127","红霉素, E127",,
item,17,0,,,,,"ethyl cellulose, ethylcellulose, ethylated cellulose, cellulose ethyl ether, E462","乙基纤维素,乙基纤维素,乙基纤维素,纤维素乙基醚,E462",,
item,17,0,,,,,"ethyl methyl cellulose, E465","乙基甲基纤维素,E465",,
item,17,2,,,L,,"ethylparaben, ethyl para-hydroxybenzoate, E214, E215","乙二酸乙酯,乙二羟基苯甲酸乙酯,E214,E215",,
item,17,0,,,,,"ferrous gluconate, iron(II) gluconate, E579","亚铁(II)葡萄糖,E579",,
item,17,1,,,L,,fizzy drinks,鸡尾酒,Only short time effects. Symptoms quickly disappear,作用时间短；症状会很快消失。
item,17,1,,,L,,"flavin mononucleotide, E101a","单核苷酸,E101a",,
item,17,2,,,L,,"flavour enhancers, glutamates, E620-625",E620-625 风味增强剂、谷硫酸盐,,
item,17,1,,,,,"flavourings, flavorings",风味、风味,This can be anything. Mostly not well tolerated.,这没什么大不了的
item,17,?,,,,,"Food orange 7, E160f","食物橙色 7, E160f",,
item,18,3,,,L,,"Food Yellow 13, E104","食品黄13, E104",,
item,18,?,,,,,"fumaric acid, trans-butenedioic acid, E297","富马酸,转丁二酸,E297",,
item,18,0,,,,,"gamma-tocopherol, vitamin E, E308","γ-环丙醇,维生素E,E308",,
item,18,1,?,,?,,"gelatin, E441","胶原, E441","Controversial, may also be tolerated.",存在争议，也可能可耐受。
item,18,2,,,L,,"glutamates, glutamic acid and its salts, E620-625","过量氨酸、过量酸及其盐类,E620-625",,
item,18,2,,,L,,"glutamic acid magnesium salt, E625","谷硫酸镁盐,E625",,
item,18,2,,,L,,"glutamic acid monosodium salt, E621","单碘盐,E621",,
item,18,2,,,L,,"glutamic acid, (glutamate, flavour enhancer), E620","谷硫酸,(甘氨酸,香味增强剂),E620",,
item,18,1,,,?,,gluten,谷类,Well tolerated in many cases. Flatulence in some cases.,很多情况下都非常耐受 有些情况下很平坦
item,18,0,,,,,"glycerol, glycerine, glycerin, E422","甘油,甘油,甘油,E422",,
item,18,0,,,,,"gold, E175","黄金,E175",,
item,18,?,,,?,,"Green S, E142, Food Green S, FD&C Green 4, Acid green 50, Lissamine Green B, Wool Green S, C.I. 44090","绿色S,E142,食品绿色S,FD&C Green 4,酸绿色50,利沙明绿色B,伍尔绿色S,C.I. 44090",,
item,18,0,,,,,"guanosine monophosphate, 5'-guanidylic acid, guanylic acid, E626","单磷酸甘氨酸,5'-甘氨酸,甘氨酸,E626",,
item,18,1,,,L,,"guar gum, guaran, E412","瓜尔口香糖,瓜尔,E412",,
item,18,1,,,L,,"gum arabic, acacia gum, E414","阿拉伯口香糖,阿卡西亚口香糖,E414",,
item,18,1,,,L,,"gum karaya, karaya gum, crystal gum, E416",口香糖 口香糖 水晶口香糖 E416,,
item,18,0,,,,,hemicalcium ascorbate,六硅酸酯,,
item,18,0,,,,,"hemicalcium ascorbate, E302","异丙烯酸,E302",,
item,18,2,,,L,,"hexamethylenetetramine, hexamine, methenamine, urotropine, 1,3,5,7- tetraazaadamantane, formin, aminoform","六甲基乙烷、苯乙烯、甲胺、罗托品、1,3,5,7-四氨基甲烷、福明、氨基",,
item,18,0,,,,,"hydrochloric acid, E507","盐酸,E507",,
item,18,0,,,,,"hydroxypropylcellulose, E463","羟丙基纤维素,E463",,
item,18,0,,,,,"hypromellose, hydroxypropyl methylcellulose, hydroxypropyl methyl cellulose, HPMC, E464","羟基丙基甲基纤维素 羟基丙基甲基纤维素 HPMC, E464",,
item,18,2,,,L,,"indigo carmine, indigotine, E132","Indigo Carmine, indigotine, E132 (英语).",,
item,18,0,,,,,"invertase, E1103",E1103反转酶,,
item,18,0,,,,,"iron oxides, E172","氧化铁,E172",,
item,18,0,,,,,"iron(II) gluconate, ferrous gluconate, E579","铁(II) 葡萄糖,有色葡萄糖,E579",,
item,18,1,,,L,,"karaya gum, gum karaya, crystal gum, E416",卡拉雅口香糖 卡拉雅口香糖 水晶口香糖 E416,,
item,18,0,,,,,"lactic acid, milk acid, 2-hydroxypropanoic acid, E270","乳酸,乳酸,2-羟基丙酸,E270",,
item,18,0,,,,,"lecithins, lecithin, E322",莱辛、莱辛、E322,Mostly soya lecithin,多为大豆卵磷脂。
item,18,2,,,L,,"Lithol Rubine BK, E180","Lithol Rubine BK, E180 (英语).",,
item,18,2,,,L,,"locust bean gum, LBG, E410","蝗豆口香糖,LBG,E410","Thickening agent and gelling agent, extracted from the seeds of the carob tree.",增稠剂和凝胶剂，提取自角豆树种子。
item,18,?,,,,,"lutein, luteine, E161b",lu、 lu、E161b,,
item,18,?,,,,,"lycopene, E160d","淋巴,E160d",,
item,18,?,,,,,"lysozymes, E1105","淋巴酶,E1105",,
item,18,0,,,,,"magnesium carbonate, E504","碳酸镁,E504",,
item,18,2,,,L,,"magnesium diglutamate, magnesium glutamate, E625",Diglutamate镁、Grossamate镁、E625,,
item,18,0,,,,,"malic acid, hydroxybutanedioic acid, E296","ma酸,羟丁二酸,E296",,
item,18,0,,,,,"mannitol, mannite, E421","芒硝醇,曼硝酸,E421",,
item,18,0,,,,,"methyl cellulose, methylcellulose, methylated cellulose, cellulose methyl ether, E461","甲基纤维素、甲基纤维素、甲基纤维素、纤维素甲基醚,E461",May produce laxative effects in large quantities.,大量摄入可能产生通便作用。
item,18,0,,,,,"methyl ethyl cellulose, ethyl methyl cellulose, E465","甲基乙基纤维素,乙基纤维素,E465",,
item,18,2,,,L,,"methylparaben, methyl paraben, E218, E219","甲基para,甲基 para,E218,E219",,
item,18,2,,,L,,"monoammonium glutamate, ammonium glutamate, glutamic acid ammonium salt, E624","谷氨酸单铵、谷氨酸铵、谷氨酸盐,E624",,
item,18,1,,,?,,"monocalcium phosphate, E340","磷酸单钙,E340",,
item,18,1,,,?,,"monopotassium phosphate, E340","磷酸单钾,E340",,
item,18,0,,,,,monosodium ascorbate,单碘酸酯,,
item,18,0,,,,,"monosodium ascorbate, E301","单碘酸酯,E301",,
item,18,0,,,,,"monosodium ascorbate, sodium ascorbate, sodascorbate, E301",单碘酸酯、 as酸钠、苏打水、E301,,
item,18,2,,,L,,"monosodium glutamate, E621",E621 谷氨酸单钠,,
item,18,?,,,,,"natamycine, natacyn, pimaricin, E235","Natamycine, Natabin, 镇静剂, E235",,
item,18,?,,,,,"nisin, E234","尼辛,E234",,
item,18,2,,,L,,"norbixin, bixin, annatto, E160b",诺比克辛、比克辛、阿纳托、E160b,,
item,18,2,,,L,,"octyl gallate, E311","辛基加热酸,E311",,
item,18,3,,,L,,"orange yellow S, E110","橙黄色S, E110",,
item,18,2,,,L,,"orthophenyl phenol, E231","苯酚,E231",,
item,18,2,,,L,,"parabens = PHB-ester, E214-219, para-hyrdoxy-benzoic acid = PHB","parabens=PHB-酯,E214-219,副羟基-苯甲酸=PHB",,
item,18,2,,,L,,"Patent blue V, E131","专利蓝V, E131",,
item,18,0,,,,,"pectin, E440","p,E440",,
item,19,?,,,,,"pimaricin, natamycine, E235","镇痛剂, Natamycine, E235",,
item,19,0,,,,,"plain caramel, E150a","普通焦糖,E150a",,
item,19,?,,,,,"polydextrose, E1200","聚丁二烯,E1200",May produce laxative effects in large quantities.,大量摄入可能产生通便作用。
item,19,?,,,,,"polydimethylsiloxane, PDMS, dimethicone, dimethylpolysiloxane, E900",聚二甲基硅氧烷、PDMS、二甲酮、二甲基聚硅氧烷、E900,,
item,19,1,,,?,,"polyvinylpolypyrrolidone, E1202","聚氯乙烯,E1202",,
item,19,1,,,?,,"polyvinylpyrrolidone, PVP, polyvidone, povidone, E1201",聚乙烯丙烯酮、聚丙烯酮、聚维酮、波维酮、E1201,,
item,19,2,,,L,,"ponceau 4R, E124","波诺4R, E124",,
item,19,0,,,,,"potassium acetate, E261","乙酸钾,E261",,
item,19,2,,,L,,"potassium alginate, E402","挥发钾,E402",,
item,19,2,,,L,,"potassium benzoate, E212","苯甲酸钾,E212",,
item,19,0,,,,,"potassium bitartrate, E336",E336比特酸钾,,
item,19,0,,,,,"potassium carbonate, carbonate of potash, E501","碳酸钾,硼酸盐,E501",,
item,19,1,,,?,,"potassium citrate, tripotassium citrate, E332","柠檬酸钾,三otassium 柠檬酸钾,E332",Often well tolerated.,通常耐受良好。
item,19,2,,,L,,"potassium glutamate, glutamic acid potassium salt, E622","谷硫酸钾盐,E622",,
item,19,2,,,L,,"potassium hydrogen sulfite, potassium bisulfite, E228","硫酸氢钾,二硫酸钾,E228",,
item,19,0,,,,,"potassium hydrogen tartrate, E336","氢沥青钾,E336",,
item,19,0,,,,,"potassium lactate, E326","乳酸钾,E326",,
item,19,2,,,L,,"potassium metabisulfite, E224","甲硫磺酸钾,E224",,
item,19,?,,,,,"potassium nitrite, E249","亚硝酸钾,E249",,
item,19,2,,,?,,"potassium polyphosphate, E452","多磷酸钾,E452",,
item,19,?,,,,,"potassium propanoate, potassium propionate, E283","丙酸钾,丙酸钾,E283",,
item,19,2,,,L,,"potassium pyrosulfite, E224","y硫酸钾,E224",,
item,19,2,,,L,,"potassium sorbate, E202","硫酸钾,E202",,
item,19,2,,,L,,"potassium sulfite, E225",E225硫酸钾,,
item,19,1,,,?,,"povidone, polyvidone, polyvinylpyrrolidone, PVP, E1201",聚维多酮、聚维多酮、聚维多酮、聚氯乙烯、聚氯乙烯、E1201,,
item,19,?,,,,,"propionic acid, propanoic acid, E280","丙酸,丙酸,E280",,
item,19,2,,,L,,"propyl gallate, E310","丙基加热酸酯,E310",,
item,19,2,,,L,,"propylene glycolic alginate, E405","丙烯甘酸盐,E405",,
item,19,2,,,,,quinine (e.g. in Bitter Lemon or Tonic Water),quinine(例如在苦柠檬或通心水中),,
item,19,3,,,L,,"quinoline yellow, E104","no黄色,E104",,
item,19,2,,,L,,"Red 2G, acid red 1, azogeranine, azohpoloxine, E128","红2G,酸红1,异甲苯,异丙苯,E128",,
item,19,1,,,L,,"riboflavin-5′-phosphate, E101a","磷酸盐,E101a",,
item,19,2,,,L,,salicylic acid,盐酸,Forbidden as food additive,禁止作为食品添加剂
item,19,?,,,,,"silver, E174","银, E174",,
item,19,0,,,,,"sodascorbate, sodium ascorbate, monosodium ascorbate, E301",soda酸钠 or酸钠 mono酸单钠 E301,,
item,19,0,,,,,"sodium acetate, E262","乙酸钠,E262",,
item,19,2,,,L,,"sodium alginate, E401","铝酸钠,E401",,
item,19,0,,,,,"sodium ascorbate, sodascorbate",硫酸钠、苏打,,
item,19,2,,,L,,"sodium benzoate, E211","苯甲酸钠,E211",,
item,19,2,,,L,,"sodium bisulphite, E222","二硫酸钠,E222",,
item,19,0,,,,,"sodium carbonate, washing soda, soda ash, soda crystals, Na2CO3, E500i",碳酸钠、冲洗苏打水、苏打灰、苏打水晶、Na2CO3、E500i,,
item,19,1,,,?,,"sodium citrate, trisodium citrate, E331","柠檬酸钠,柠檬酸三钠,E331",Often well tolerated.,通常耐受良好。
item,19,0,,,,,"sodium erythorbate, D-isoascorbate, erythorbic acid sodium salt, E316","红磷酸钠,D-异斯科巴酸盐,红磷酸钠盐,E316",,
item,19,0,,,,,"sodium hydrogen carbonate, sodium bicarbonate, baking soda, bicarbonate of soda, E500ii",碳酸氢钠、双碳酸钠、烘焙苏打水、苏打水的双碳酸盐、E500ii,,
item,19,2,,,L,,"sodium hydrogen sulphite, E222","硫酸氢钠,E222",,
item,19,0,,,,,"sodium lactate, E325","乳酸钠,E325",,
item,19,2,,,L,,"sodium metabisulfite, E223","甲硫磺酸钠,E223",,
item,19,?,,,,,"sodium nitrate, E251",E251硝酸钠,,
item,19,0,,,,,"sodium nitrite, E250","亚硝酸钠,E250",,
item,19,2,,,,,"sodium orthophenyl phenol, E232","矫苯酚钠,E232",,
item,19,2,,,?,,"sodium polyphosphate, E452","聚磷酸钠,E452",,
item,19,?,,,,,"sodium propanoate, sodium propionate, E281","丙酸钠,丙酸钠,E281",,
item,19,2,,,L,,"sodium pyrosulfite, E223","y硫酸钠,E223",,
item,19,2,,,L,,"sodium sulfite, sodium sulphite, E221","硫酸钠,硫酸钠,E221",,
item,19,0,,,,,"sodium tartrate, sal tartar, disodium tartrate, bisodium tartrate, E335","柏酸钠、盐酸柏油、二碘酸柏油、二碘酸柏油,E335",See cream of tartar,参见酒石酸氢钾/塔塔粉。
item,19,2,,,?,,"sodium-calcium polyphosphate, E452","聚磷酸钠,E452",,
item,19,2,,,L,,"sorbates (salts of sorbic acid): potassium sorbate, E202, calcium sorbate, E203","索酸盐(索酸盐):索酸钾,E202,索酸钙,E203",,
item,19,2,,,L,,"sorbic acid, E200","索比克酸,E200",,
item,20,0,,,,,"starch, amylum","淀粉,矿泉水",,
item,20,0,,,,,"steviol glycosides, E960","Steviol glycosides, E960 (英语).",,
item,20,0,,,,,"sucralose, E955","苏拉洛斯, E955",,
item,20,2,,,L,,"sulfites, sulphites, E220 - E228","硫化物,硫化物,E220 - E228",,
item,20,2,,,L,,"sulfur dioxide, sulphur dioxide, E220","二氧化硫,二氧化硫,E220",,
item,20,2,,,L,,"sulphan blue, E131","硫蓝色,E131",,
item,20,0,,,,,"sulphite ammonia caramel, E150d","硫酸氨焦糖,E150d",Possibly not as good tolerated as E150?,可能不如 E150 耐受？
item,20,3,,,L,,"sunset yellow FCF, E110","日落 黄色 FCF, E110",,
item,20,0,,,,,"tartaric acid, uvic acid, E334","土酸、乌维酸,E334",,
item,20,3,,,L,,"tartrazine, E102","柏拉锡,E102",,
item,20,?,,,,,"tert-Butylhydroquinone, TBHQ, E319","叔丁基氢quin酮,TBHQ,E319",,
item,20,0,,,?,,"titanium dioxide, titanium(IV) oxide, E171",二氧化钛、四氧化钛、E171,,
item,20,0,,,,,"tocopherol, vitamin E, E306",乙醇、维生素E、E306,,
item,20,2,,,L,,"tragacanth, E413","轨迹, E413",,
item,20,1,,,?,,"triammonium citrate, ammonium citrate, E380","柠檬酸三铵,柠檬酸铵,E380",,
item,20,1,,,?,,"tricalcium phosphate, E340","磷酸三钙,E340",,
item,20,1,,,?,,"tripotassium citrate, potassium citrate, E332","柠檬酸三otassium,柠檬酸钾,E332",Often well tolerated.,通常耐受良好。
item,20,1,,,?,,"tripotassium phosphate, E340","磷酸三钾,E340",,
item,20,1,,,?,,"trisodium citrate, sodium citrate, E331","柠檬酸三钠,柠檬酸钠,E331",Often well tolerated.,通常耐受良好。
item,20,0,,,,,vanillin (synthetic),香草(合成),Slightly irritating. Use sparingly.,有点刺激 少用点
item,20,0,,,,B,"vitamin C, E300","维生素C,E300","Lowers histamine levels, but is also a weak DAO inhibitor. Good for those with MCAS, bad for those with HIT?",可降低组胺水平，但也是弱 DAO 抑制剂。对 MCAS 患者可能有益，对 HIT 患者可能不利？
item,20,0,,,,,"vitamin E, alpha-tocopherol, E307","维生素E,α-环丙醇,E307",,
item,20,0,,,,,"vitamin E, delta-tocopherol, E309","维生素E,三聚磷酸酯,E309",,
item,20,0,,,,,"vitamin E, gamma-tocopherol, E308","维生素E,γ-环丙醇,E308",,
item,20,0,,,,,"vitamin E, tocopherol, E306","维他命E, 托密码醇, E306",,
item,20,0,,,,,"xanthan gum, E415","Xanthan口香糖,E415",,
item,20,0,,,,,"zinc acetate, E650","乙酸锌,E650",,
category,20,,,,,,tamin,塔明语,,
item,20,2,,,L,,"folic acid, folate, vitamin B9",叶酸、叶酸、维生素B9,To be debated. Other name: pteroyl-L-glutamic acid (similar to glutamic acid / glutamate?),仍有争议。别名：蝶酰-L-谷氨酸（与谷氨酸/谷氨酸盐相似？）。
item,20,3,,,L,,iodine,碘,,
item,20,2,,,L,,iodized table salt,碘盐,,
item,20,3,,,L,,potassium iodate (e.g. as additive in iodized table salt),碘酸钾(如加碘表盐中的添加剂),,
item,20,3,,,L,,potassium iodide (e.g. as additive in iodized table salt),碘化钾(如碘表盐中的添加剂),,
item,20,2,,,,B,theobromine,红溴,,
item,20,2,,,L,,"vitamin B9, folic acid, folate",维生素B9、叶酸、叶酸,To be debated. Other name: pteroyl-L-glutamic acid (similar to glutamic acid / glutamate?),仍有争议。别名：蝶酰-L-谷氨酸（与谷氨酸/谷氨酸盐相似？）。
item,20,2,,,,B,"xantheose, theobromine","x,o",,
category,20,,,,,,epara,epara 语句,,
item,20,2,,,L,,liquorice,酒类,,
item,20,1,,,,,marzipan,马尔齐潘语Name,Small amounts are well tolerated if without incompatible additives.,若不含不兼容添加剂，少量通常耐受。
item,20,1,,,,,marchpane,行进板,Small amounts are well tolerated if without incompatible additives.,若不含不兼容添加剂，少量通常耐受。
item,20,2,,A,,,"chocolate, brown / black",棕色/黑巧克力,"Tyramine, phenylethylamine",苯乙胺
item,20,1,,?,,,"chocolate, white",白巧克力,Mostly well tolerated,通常耐受良好。
item,20,2,H,,L,,mustard,芥末,"Preparation (mixture) of mustard seeds, vinegar, etc.","准备(混合)芥子籽,醋等."
item,20,2,,,,,tofu,豆腐,,
